	cdr3	cluster_id	x	y	cluster_size	x_mean	y_mean
608	CAEDSGGSNYKLTF	5	-3.574511972894612	102.8640339065934	106	-147.7321796421535	-8.975055084285136
609	CAGDSGGSNYKLTF	5	-128.01216670239918	-51.01690591931957	106	-147.7321796421535	-8.975055084285136
610	CADDSGGSNYKLTF	5	20.029335299674727	20.054944312641773	106	-147.7321796421535	-8.975055084285136
611	CAVDSGGSNYKLTF	5	-77.05500771841338	-29.91378591840754	106	-147.7321796421535	-8.975055084285136
612	CAADSGGSNYKLTF	5	-110.70054690781622	32.15417094530446	106	-147.7321796421535	-8.975055084285136
613	CATDSGGSNYKLTF	5	16.933479371402036	158.79886592956206	106	-147.7321796421535	-8.975055084285136
614	CAERSGGSNYKLTF	5	-138.34292314266332	7.292668395266183	106	-147.7321796421535	-8.975055084285136
615	CAENSGGSNYKLTF	5	-93.76347402414764	1.0933664937030585	106	-147.7321796421535	-8.975055084285136
616	CAPDSGGSNYKLTF	5	-151.9799680732587	19.428152184268534	106	-147.7321796421535	-8.975055084285136
617	CARNSGGSNYKLTF	5	-117.38850767168913	-35.694006143708386	106	-147.7321796421535	-8.975055084285136
618	CAINSGGSNYKLTF	5	-90.70411934238788	-46.24100789943812	106	-147.7321796421535	-8.975055084285136
619	CADNSGGSNYKLTF	5	27.87307335740012	-51.7491645218408	106	-147.7321796421535	-8.975055084285136
620	CASNSGGSNYKLTF	5	-122.02843942453504	-17.631914753398874	106	-147.7321796421535	-8.975055084285136
621	CATNSGGSNYKLTF	5	-110.36440911687924	7.692982956678877	106	-147.7321796421535	-8.975055084285136
622	CAANSGGSNYKLTF	5	-105.4166115626071	-13.191441627754788	106	-147.7321796421535	-8.975055084285136
623	CIRNSGGSNYKLTF	5	-338.7684494848883	31.304399031656043	106	-147.7321796421535	-8.975055084285136
624	CAVNSGGSNYKLTF	5	60.55033244426973	-90.5432248237902	106	-147.7321796421535	-8.975055084285136
625	CAFNSGGSNYKLTF	5	-135.6770550686336	-26.97719620784604	106	-147.7321796421535	-8.975055084285136
626	CAGNSGGSNYKLTF	5	30.109119684128032	-80.31998974185207	106	-147.7321796421535	-8.975055084285136
627	CAMNSGGSNYKLTF	5	-129.6447281317082	7.269578693456543	106	-147.7321796421535	-8.975055084285136
628	CAPPSGGSNYKLTF	5	-258.0875503627165	-43.94746281755854	106	-147.7321796421535	-8.975055084285136
629	CALPSGGSNYKLTF	5	-230.19351856761955	-35.32090352943394	106	-147.7321796421535	-8.975055084285136
630	CAPTSGGSNYKLTF	5	-280.8468358271231	-43.65098149603889	106	-147.7321796421535	-8.975055084285136
631	CAPYSGGSNYKLTF	5	-208.8454448531976	-20.10716986387967	106	-147.7321796421535	-8.975055084285136
632	CAVPSGGSNYKLTF	5	-117.46620220844484	-71.6338461467426	106	-147.7321796421535	-8.975055084285136
633	CAGPSGGSNYKLTF	5	-184.1735598131284	-93.78219442688108	106	-147.7321796421535	-8.975055084285136
634	CAGVSGGSNYKLTF	5	-153.26369628131317	-71.29068496919503	106	-147.7321796421535	-8.975055084285136
635	CAGFSGGSNYKLTF	5	-168.0674054279583	-66.92045480618197	106	-147.7321796421535	-8.975055084285136
636	CAGYSGGSNYKLTF	5	-145.75852295747418	-52.815067647592365	106	-147.7321796421535	-8.975055084285136
637	CAGLSGGSNYKLTF	5	-149.0441842826046	-70.74268495317249	106	-147.7321796421535	-8.975055084285136
638	CAGRSGGSNYKLTF	5	-138.3209143320429	-74.78841730647946	106	-147.7321796421535	-8.975055084285136
639	CAGGSGGSNYKLTF	5	-162.83138961960717	-54.596296878784855	106	-147.7321796421535	-8.975055084285136
640	CALSSGGSNYKLTF	5	-193.15174767339943	-0.2338304894736476	106	-147.7321796421535	-8.975055084285136
641	CALRSGGSNYKLTF	5	-191.82083000836656	-33.5583776455109	106	-147.7321796421535	-8.975055084285136
642	CALGSGGSNYKLTF	5	-179.59178774919545	-22.271475085003107	106	-147.7321796421535	-8.975055084285136
643	CALKSGGSNYKLTF	5	-220.1387948074205	-21.815033162273554	106	-147.7321796421535	-8.975055084285136
644	CALVSGGSNYKLTF	5	-213.4269337913172	2.803209433758408	106	-147.7321796421535	-8.975055084285136
645	CALYSGGSNYKLTF	5	-192.7148138621037	-21.76773882785657	106	-147.7321796421535	-8.975055084285136
646	CAVTSGGSNYKLTF	5	-122.80928769453683	-59.18912271858522	106	-147.7321796421535	-8.975055084285136
647	CASTSGGSNYKLTF	5	-221.53202393450556	-120.88979075683186	106	-147.7321796421535	-8.975055084285136
648	CAVSRGGSNYKLTF	5	-303.4146157399388	-136.2871529605247	106	-147.7321796421535	-8.975055084285136
649	CAVSEGGSNYKLTF	5	-314.75300572739206	-141.6216258528704	106	-147.7321796421535	-8.975055084285136
650	CAVSDGGSNYKLTF	5	-410.82742717827	-193.6824961581748	106	-147.7321796421535	-8.975055084285136
651	CAVNRGGSNYKLTF	5	-119.79812030826488	-218.57118335363907	106	-147.7321796421535	-8.975055084285136
652	CAASRGGSNYKLTF	5	-270.10834672178066	138.76161736633068	106	-147.7321796421535	-8.975055084285136
653	CAVARGGSNYKLTF	5	-38.37260107629486	-80.22076452755779	106	-147.7321796421535	-8.975055084285136
654	CAVSLGGSNYKLTF	5	-393.4783050284076	-194.9829650582004	106	-147.7321796421535	-8.975055084285136
655	CAVISGGSNYKLTF	5	-110.79033087325152	-9.668426785139175	106	-147.7321796421535	-8.975055084285136
656	CAVYSGGSNYKLTF	5	-103.98753860802766	-36.21565078849406	106	-147.7321796421535	-8.975055084285136
657	CAVKSGGSNYKLTF	5	-111.99477308513482	-76.59660755752932	106	-147.7321796421535	-8.975055084285136
658	CAVQSGGSNYKLTF	5	-101.83879221929236	-66.13665581634503	106	-147.7321796421535	-8.975055084285136
659	CAVTIGGSNYKLTF	5	-381.82060177349376	-215.29737367365257	106	-147.7321796421535	-8.975055084285136
660	CAVLSGGSNYKLTF	5	-69.21592009577645	-49.54204814535122	106	-147.7321796421535	-8.975055084285136
661	CAVRSGGSNYKLTF	5	-50.06179356783208	-90.62257266396529	106	-147.7321796421535	-8.975055084285136
662	CAVASGGSNYKLTF	5	-78.84519103268886	-83.10858992205861	106	-147.7321796421535	-8.975055084285136
663	CAVGSGGSNYKLTF	5	40.27860941341775	-19.98403410655157	106	-147.7321796421535	-8.975055084285136
664	CAAGSGGSNYKLTF	5	-150.97086741606955	15.069334680247769	106	-147.7321796421535	-8.975055084285136
665	CAAGSGGSDYKLTF	5	-290.8969098018024	220.0854455366559	106	-147.7321796421535	-8.975055084285136
666	CAARSGGSNYKLTF	5	-20.204170624895067	10.152270913527982	106	-147.7321796421535	-8.975055084285136
667	CAAFSGGSNYKLTF	5	-167.57771606140605	22.875983720979683	106	-147.7321796421535	-8.975055084285136
668	CAASSGGSNYKLTF	5	-153.9593462207634	48.78947819911543	106	-147.7321796421535	-8.975055084285136
669	CAAYSGGSNYKLTF	5	-172.1916382823652	2.0423239854515085	106	-147.7321796421535	-8.975055084285136
670	CAAESGGSNYKLTF	5	-90.04675005905735	-34.01111779846342	106	-147.7321796421535	-8.975055084285136
671	CAAISGGSNYKLTF	5	-152.23868527745338	34.50056840166516	106	-147.7321796421535	-8.975055084285136
672	CALRGGGSNYKLTF	5	-319.785757595264	-90.6664930703106	106	-147.7321796421535	-8.975055084285136
673	CAGRGGGSNYKLTF	5	-268.76414656307634	-182.94577492132035	106	-147.7321796421535	-8.975055084285136
674	CAVRGGGSNYKLTF	5	-205.5937648212121	-87.00477711393155	106	-147.7321796421535	-8.975055084285136
675	CALSGGGSNYKLTF	5	-406.9496882572035	24.99386149846913	106	-147.7321796421535	-8.975055084285136
676	CAVEGGGSNYKLTF	5	-200.54242722461288	-86.78258339781573	106	-147.7321796421535	-8.975055084285136
677	CAVIGGGSNYKLTF	5	-189.2770173234337	-71.86747108121286	106	-147.7321796421535	-8.975055084285136
678	CAVAGGGSNYKLTF	5	100.45885486388694	40.14013451603644	106	-147.7321796421535	-8.975055084285136
679	CAVFGGGSNYKLTF	5	-210.8094968118022	-93.67315847995278	106	-147.7321796421535	-8.975055084285136
680	CAVMGGGSNYKLTF	5	-223.84441449765504	-115.94587539109536	106	-147.7321796421535	-8.975055084285136
681	CAVPGGGSNYKLTF	5	-208.8378523047429	-116.87470684407904	106	-147.7321796421535	-8.975055084285136
682	CAVYGGGSNYKLTF	5	-186.71934733981712	-87.44906473713868	106	-147.7321796421535	-8.975055084285136
683	CATDARGSNYKLTF	5	474.8439746499627	288.8678096624356	106	-147.7321796421535	-8.975055084285136
684	CATDAGGSNYKLTF	5	367.6418766718351	290.1615690245752	106	-147.7321796421535	-8.975055084285136
685	CAMRSGGSNYKLTF	5	-164.64746641112282	69.31787857118917	106	-147.7321796421535	-8.975055084285136
686	CAMVSGGSNYKLTF	5	-99.12960191041896	154.15172907516228	106	-147.7321796421535	-8.975055084285136
687	CATVSGGSNYKLTF	5	-158.23959274246502	169.00306234442485	106	-147.7321796421535	-8.975055084285136
688	CILSSGGSNYKLTF	5	-196.72105509757475	94.70395350489032	106	-147.7321796421535	-8.975055084285136
689	CAVSERGSNYKLTF	5	30.22952814943139	30.31099152449515	106	-147.7321796421535	-8.975055084285136
690	CAGVGGGSNYKLTF	5	-241.7832107359548	-274.4068836606993	106	-147.7321796421535	-8.975055084285136
691	CATLSGGSNYKLTF	5	-156.66493216360914	110.44549020476563	106	-147.7321796421535	-8.975055084285136
692	CATCSGGSNYKLTF	5	-164.83653850977103	250.8272739177301	106	-147.7321796421535	-8.975055084285136
693	CIVGSGGSNYKLTF	5	52.26346764289388	-388.4108631823669	106	-147.7321796421535	-8.975055084285136
694	CASYSGGSNYKLTF	5	-215.7904672340198	-26.682839740156687	106	-147.7321796421535	-8.975055084285136
695	CAMSGGGSNYKLTF	5	-537.5810565146636	118.96235035588548	106	-147.7321796421535	-8.975055084285136
696	CAYSGGGSNYKLTF	5	-528.7564429707851	93.71415701407022	106	-147.7321796421535	-8.975055084285136
697	CAMSVGGSNYKLTF	5	-591.978443282325	172.48078707236567	106	-147.7321796421535	-8.975055084285136
698	CAASIGGSNYKLTF	5	-291.00779607230135	189.7919159488518	106	-147.7321796421535	-8.975055084285136
699	CAASQGGSNYKLTF	5	-288.7613806729417	185.199926032679	106	-147.7321796421535	-8.975055084285136
700	CATDDGGSNYKLTF	5	332.77893806308475	302.7502001135703	106	-147.7321796421535	-8.975055084285136
701	CATDEGGSNYKLTF	5	337.6047048719631	290.34410073363784	106	-147.7321796421535	-8.975055084285136
702	CATDFGGSNYKLTF	5	317.8822291018408	304.3244596995432	106	-147.7321796421535	-8.975055084285136
703	CAGAGGGSNYKLTF	5	-189.3174181314521	-204.62124069409225	106	-147.7321796421535	-8.975055084285136
704	CAFHSGGSNYKLTF	5	-411.011337653431	161.57657645642058	106	-147.7321796421535	-8.975055084285136
705	CILYSGGSNYKLTF	5	0.0185160717640808	10.24924531824312	106	-147.7321796421535	-8.975055084285136
706	CILISGGSNYKLTF	5	-251.4624835923273	116.47007681630386	106	-147.7321796421535	-8.975055084285136
707	CILDSGGSNYKLTF	5	-94.89808973374257	-46.83317978325789	106	-147.7321796421535	-8.975055084285136
708	CAVRGWGSNYKLTF	5	-364.1028228366246	-27.241074579693823	106	-147.7321796421535	-8.975055084285136
709	CAMREGGSNYKLTF	5	-339.86810256301027	330.27325431150973	106	-147.7321796421535	-8.975055084285136
710	CAVGHGGSNYKLTF	5	-219.27881560886345	-271.06032529168306	106	-147.7321796421535	-8.975055084285136
711	CAVGVGGSNYKLTF	5	-168.6141813523202	-321.5865522983664	106	-147.7321796421535	-8.975055084285136
712	CLLTSGGSNYKLTF	5	-70.33564458910084	-40.10850241826046	106	-147.7321796421535	-8.975055084285136
713	CLLDSGGSNYKLTF	5	-60.29647942892638	-30.139234799559297	106	-147.7321796421535	-8.975055084285136
925	CAVARDSNYQLIW	4	190.6958605571012	-202.4100321056032	108	24.54908451743709	-90.5079168956564
926	CAVSRDSNYQLIW	4	164.20419569942047	-162.4509757567613	108	24.54908451743709	-90.5079168956564
927	CAVMRDSNYQLIW	4	207.6901906174201	-220.17834394880697	108	24.54908451743709	-90.5079168956564
928	CAVGRDSNYQLIW	4	66.86360961509112	-119.1892264545496	108	24.54908451743709	-90.5079168956564
929	CAVRRDSNYQLIW	4	193.78921377431857	-216.8283976661637	108	24.54908451743709	-90.5079168956564
930	CAAYMDSNYQLIW	4	-25.89851167162958	-113.48641753704592	108	24.54908451743709	-90.5079168956564
931	CAASMDSNYQLIW	4	30.06605374778963	-10.091460746730732	108	24.54908451743709	-90.5079168956564
932	CAAPMDSNYQLIW	4	-89.58595904547093	-92.2158567888582	108	24.54908451743709	-90.5079168956564
933	CAANMDSNYQLIW	4	-33.78035191006442	-112.12074685248407	108	24.54908451743709	-90.5079168956564
934	CAARMDSNYQLIW	4	-38.51165630913005	-94.13333197862936	108	24.54908451743709	-90.5079168956564
935	CAVVMDSNYQLIW	4	30.219904413864256	20.28299924428665	108	24.54908451743709	-90.5079168956564
936	CAVKMDSNYQLIW	4	80.57018091507697	80.52006716555826	108	24.54908451743709	-90.5079168956564
937	CAVIMDSNYQLIW	4	-56.0488187786214	-72.80853182824248	108	24.54908451743709	-90.5079168956564
938	CAVLMDSNYQLIW	4	-80.92376876140875	-100.90645476362934	108	24.54908451743709	-90.5079168956564
939	CAVGMDSNYQLIW	4	-37.63676596466565	-58.47207148119649	108	24.54908451743709	-90.5079168956564
940	CAVSMDSNYQLIW	4	-10.620210884600269	-92.26557853951758	108	24.54908451743709	-90.5079168956564
941	CAVVWDSNYQLIW	4	-64.83704451931095	-234.5746349664902	108	24.54908451743709	-90.5079168956564
942	CAVNMDSNYQLIW	4	-33.803119389096786	-69.31381946654206	108	24.54908451743709	-90.5079168956564
943	CAVHMDSNYQLIW	4	28.397771667171973	35.89199238628069	108	24.54908451743709	-90.5079168956564
944	CAVFMDSNYQLIW	4	-38.3727839274849	-81.93085546993736	108	24.54908451743709	-90.5079168956564
945	CAVPMDSNYQLIW	4	-70.40931279602319	20.12142560068918	108	24.54908451743709	-90.5079168956564
946	CAVRMDSNYQLIW	4	-12.436818426560045	-106.4773553985724	108	24.54908451743709	-90.5079168956564
947	CAVGADSNYQLVW	4	-79.82991014858622	-129.08329041127726	108	24.54908451743709	-90.5079168956564
948	CAVGADSNYQLIW	4	0.0935416124941781	40.33487847420415	108	24.54908451743709	-90.5079168956564
949	CAVKLDSNYQLIW	4	225.37212315778703	-91.11882648689486	108	24.54908451743709	-90.5079168956564
950	CAVKGDSNYQLIW	4	66.58023743960433	-90.15737160281984	108	24.54908451743709	-90.5079168956564
951	CAFKMDSNYQLIW	4	301.11167258985296	-23.88363219860166	108	24.54908451743709	-90.5079168956564
952	CAVKWDSNYQLIW	4	144.98360831002674	-107.41821675868096	108	24.54908451743709	-90.5079168956564
953	CAGHMDSNYQLIW	4	-10.132897989971552	-40.17993431352472	108	24.54908451743709	-90.5079168956564
954	CAGLMDSNYQLIW	4	-79.20434358136077	-130.167672443841	108	24.54908451743709	-90.5079168956564
955	CAGPMDSNYQLIW	4	-40.293479448458015	30.164050599028613	108	24.54908451743709	-90.5079168956564
956	CAGGMDSNYQLIW	4	-0.957396603640598	-145.43830775666214	108	24.54908451743709	-90.5079168956564
957	CAGSMDSNYQLIW	4	-11.885722612894655	-147.55191938055094	108	24.54908451743709	-90.5079168956564
958	CAVSPDSNYQLIW	4	157.14764452506128	-66.28777710822702	108	24.54908451743709	-90.5079168956564
959	CAVSEDSNYQLIW	4	137.49222524089643	-136.02085224111858	108	24.54908451743709	-90.5079168956564
960	CALSPDSNYQLIW	4	-26.040978995989104	246.54560774962027	108	24.54908451743709	-90.5079168956564
961	CAVDPDSNYQLIW	4	10.08876983663017	10.202546238001382	108	24.54908451743709	-90.5079168956564
962	CAVSSDSNYQLIW	4	-9.970589762900644	-20.001298913385416	108	24.54908451743709	-90.5079168956564
963	CAMSPDSNYQLIW	4	17.293444882520635	-153.0340447238067	108	24.54908451743709	-90.5079168956564
964	CALLMDSNYQLIW	4	-123.57237694291862	-138.78053514429422	108	24.54908451743709	-90.5079168956564
965	CAVTLDSNYQLIW	4	359.3825090924931	-201.9578249886777	108	24.54908451743709	-90.5079168956564
966	CAVEADSNYQLIW	4	-38.35173837154415	-151.15095349931065	108	24.54908451743709	-90.5079168956564
967	CAVEGDSNYQLIW	4	12.874948820189267	-212.63877331917152	108	24.54908451743709	-90.5079168956564
968	CAVTGDSNYQLIW	4	100.97537775672733	-152.06985445841056	108	24.54908451743709	-90.5079168956564
969	CAVGGDSNYQLIW	4	-80.8476107546519	10.383470913812843	108	24.54908451743709	-90.5079168956564
970	CAVIGDSNYQLIW	4	29.26393207502457	-143.95713820142242	108	24.54908451743709	-90.5079168956564
971	CAVRGDSNYQLIW	4	89.52810459087772	-145.97192137986073	108	24.54908451743709	-90.5079168956564
972	CILRGDSNYQLIW	4	360.6180215216999	-167.4820845422265	108	24.54908451743709	-90.5079168956564
973	CALRGDSNYQLIW	4	10.15917187891814	10.223477109927796	108	24.54908451743709	-90.5079168956564
974	CVVIMDSNYQLIW	4	-170.8490212994536	-227.22516951925292	108	24.54908451743709	-90.5079168956564
975	CAGPGDSNYQLIW	4	0.0189238001145994	50.351678095207234	108	24.54908451743709	-90.5079168956564
976	CAGPRDSNYQLIW	4	30.278199491398738	10.171395732247143	108	24.54908451743709	-90.5079168956564
977	CAGPADSNYQLIW	4	-7.147680098979288	-209.40786069936487	108	24.54908451743709	-90.5079168956564
978	CALPMDSNYQLIW	4	-242.81491823431855	-65.59198730125648	108	24.54908451743709	-90.5079168956564
979	CAQPMDSNYQLIW	4	-245.73991851252973	-80.33025967261271	108	24.54908451743709	-90.5079168956564
980	CAVAGGSNYQLIW	4	-116.84393879057296	425.4425167609781	108	24.54908451743709	-90.5079168956564
981	CAVQGGSNYQLIW	4	81.09422316990563	104.50428719344664	108	24.54908451743709	-90.5079168956564
982	CLLGGGSNYQLIW	4	-227.05003823679093	-318.953711545714	108	24.54908451743709	-90.5079168956564
983	CLLGGDSNYQLIW	4	64.09371685648529	-107.2617936202943	108	24.54908451743709	-90.5079168956564
984	CAASIDSNYQLIW	4	82.78411642283206	113.42142966002623	108	24.54908451743709	-90.5079168956564
985	CAASGDSNYQLIW	4	84.68710250178984	131.90903187223705	108	24.54908451743709	-90.5079168956564
986	CAASVDSNYQLIW	4	91.39454351037904	104.73673144975702	108	24.54908451743709	-90.5079168956564
987	CAASRDSNYQLIW	4	108.6666752815708	118.61106947314602	108	24.54908451743709	-90.5079168956564
988	CAHSMDSNYQLIW	4	49.26497246940868	-171.84422370004378	108	24.54908451743709	-90.5079168956564
989	CALRMDSNYQLIW	4	-113.11065256761114	-109.69291223811238	108	24.54908451743709	-90.5079168956564
990	CAGVGDSNYQLIW	4	277.9602858199207	-30.609448440118733	108	24.54908451743709	-90.5079168956564
991	CAPPGDSNYQLIW	4	-52.93469245581028	171.1974008937957	108	24.54908451743709	-90.5079168956564
992	CAGAGDSNYQLIW	4	273.9388073674798	-19.374690437996072	108	24.54908451743709	-90.5079168956564
993	CAVGAGSNYQLIW	4	-51.89714960569478	54.59649708755416	108	24.54908451743709	-90.5079168956564
994	CAVGVDSNYQLIW	4	3.097766179880688	-83.39844350812129	108	24.54908451743709	-90.5079168956564
995	CAVGQDSNYQLIW	4	-39.53726023955078	-85.92325456474896	108	24.54908451743709	-90.5079168956564
996	CAVGTDSNYQLIW	4	85.51708987240983	26.66211195689324	108	24.54908451743709	-90.5079168956564
997	CALSSGSNYQLIW	4	111.88509532105452	-374.4002055906583	108	24.54908451743709	-90.5079168956564
998	CAASSGSNYQLIW	4	92.22388211755737	-329.5076863719134	108	24.54908451743709	-90.5079168956564
999	CALSEGSNYQLIW	4	119.1110965329186	-263.0436382292038	108	24.54908451743709	-90.5079168956564
1000	CAARGDSNYQLIW	4	-0.110618719198591	50.346994718279774	108	24.54908451743709	-90.5079168956564
1001	CAPRGDSNYQLIW	4	52.72980020053885	-93.85549937104258	108	24.54908451743709	-90.5079168956564
1002	CAMRGDSNYQLIW	4	-7.377584597957885	-148.2014056789028	108	24.54908451743709	-90.5079168956564
1003	CIVLMDSNYQLIW	4	-137.64866837351798	-135.42565168323867	108	24.54908451743709	-90.5079168956564
1004	CALGGDSNYQLIW	4	-194.8429281202719	-53.79440213432435	108	24.54908451743709	-90.5079168956564
1005	CALGRDSNYQLIW	4	-124.21032696924284	-99.3582401627125	108	24.54908451743709	-90.5079168956564
1006	CALNGDSNYQLIW	4	-319.8482071849764	-34.54276533067884	108	24.54908451743709	-90.5079168956564
1007	CALEGDSNYQLIW	4	-251.54523823210647	-101.91779889260684	108	24.54908451743709	-90.5079168956564
1008	CALRPDSNYQLIW	4	-9.93578009641775	-9.83118292626217	108	24.54908451743709	-90.5079168956564
1009	CIVGMDSNYQLIW	4	-0.0826962803138009	-40.193932959527785	108	24.54908451743709	-90.5079168956564
1010	CLLPMDSNYQLIW	4	-476.7896583690487	-119.95549956410738	108	24.54908451743709	-90.5079168956564
1011	CAVSEESNYQLIW	4	260.72464805530683	-309.9020114678804	108	24.54908451743709	-90.5079168956564
1012	CAVDEDSNYQLIW	4	167.2375807168119	-122.38000319810088	108	24.54908451743709	-90.5079168956564
1013	CALSLDSNYQLIW	4	-60.88729133683958	443.95953442400446	108	24.54908451743709	-90.5079168956564
1014	CALSADSNYQLIW	4	-69.12679900061313	474.8698425380051	108	24.54908451743709	-90.5079168956564
1015	CAASEGSNYQLIW	4	125.26405514710724	-146.61631504402874	108	24.54908451743709	-90.5079168956564
1016	CAVDWDSNYQLIW	4	21.077986793764047	-183.04970128837556	108	24.54908451743709	-90.5079168956564
1017	CVVRGDSNYQLIW	4	302.33773685123697	-343.1690702638912	108	24.54908451743709	-90.5079168956564
1018	CALSEESNYQLIW	4	164.17109913466055	-342.2538058269664	108	24.54908451743709	-90.5079168956564
1019	CAVNSDSNYQLIW	4	111.22183582826244	-146.1621808282374	108	24.54908451743709	-90.5079168956564
1020	CAVMSDSNYQLIW	4	163.83048708094194	-152.336428320037	108	24.54908451743709	-90.5079168956564
1021	CAVRSDSNYQLIW	4	157.33410379057466	-65.98405717839398	108	24.54908451743709	-90.5079168956564
1022	CAVDQDSNYQLIW	4	0.116708195477349	10.24912157852238	108	24.54908451743709	-90.5079168956564
1023	CAVGGQSNYQLIW	4	-134.2562358516965	-235.19161879945088	108	24.54908451743709	-90.5079168956564
1024	CAVRGRSNYQLIW	4	345.00451786109335	-308.36368159170416	108	24.54908451743709	-90.5079168956564
1025	CAVEGPSNYQLIW	4	174.31496966771886	-451.72544003680594	108	24.54908451743709	-90.5079168956564
1026	CAVQAGSNYQLIW	4	-143.45539183485016	-55.35095872221044	108	24.54908451743709	-90.5079168956564
1027	CAVQAESNYQLIW	4	-341.1742142254647	-295.9619538824575	108	24.54908451743709	-90.5079168956564
1028	CAFWMDSNYQLIW	4	297.67613839275003	-334.4591553189691	108	24.54908451743709	-90.5079168956564
1029	CLLGEDSNYQLIW	4	-329.9901253765862	-210.14345271420905	108	24.54908451743709	-90.5079168956564
1030	CAVRKDSNYQLIW	4	182.5507398486911	-234.1288699012182	108	24.54908451743709	-90.5079168956564
1031	CAVRVDSNYQLIW	4	153.48735531642936	-200.14993873286824	108	24.54908451743709	-90.5079168956564
1032	CAVRRNSNYQLIW	4	363.9017561560739	-365.3785547652528	108	24.54908451743709	-90.5079168956564
1899	CAESVNTDKLIF	1	302.09084088766195	199.73030401031477	147	59.63670884773125	-84.51934134890078
1900	CAVSVNTDKLIF	1	-40.31435705696731	-60.16832205801089	147	59.63670884773125	-84.51934134890078
1901	CAAPSNTDKLIF	1	55.949901688265946	-293.9959870661435	147	59.63670884773125	-84.51934134890078
1902	CAASSNTDKLIF	1	49.67193924619579	-180.91557931232973	147	59.63670884773125	-84.51934134890078
1903	CAAPYNTDKLIF	1	80.2936786000921	-40.100254153693726	147	59.63670884773125	-84.51934134890078
1904	CALRDNTDKLIF	1	-201.23995100932123	-94.2928348229844	147	59.63670884773125	-84.51934134890078
1905	CALRGNTDKLIF	1	-32.36736981411498	160.37171680833694	147	59.63670884773125	-84.51934134890078
1906	CAVRDNTDKLIF	1	0.314045929015446	-143.22002158667684	147	59.63670884773125	-84.51934134890078
1907	CAARDNTDKLIF	1	-95.53736595865928	-168.37660340703698	147	59.63670884773125	-84.51934134890078
1908	CAGYYNTDKLIF	1	65.95751820998416	-329.7505320388205	147	59.63670884773125	-84.51934134890078
1909	CALYYNTDKLIF	1	59.974609401240656	-170.64591391847196	147	59.63670884773125	-84.51934134890078
1910	CAGAYNTDKLIF	1	8.49867546568266	-331.860246314794	147	59.63670884773125	-84.51934134890078
1911	CAGGYNTDKLIF	1	79.70293418185231	-287.5494013423962	147	59.63670884773125	-84.51934134890078
1912	CAGLYNTDKLIF	1	60.475526029745936	-264.2143986507382	147	59.63670884773125	-84.51934134890078
1913	CAGSYNTDKLIF	1	47.69821897912383	-212.64734069805309	147	59.63670884773125	-84.51934134890078
1914	CAVKYNTDKLIF	1	98.6807672092101	-198.31728418732112	147	59.63670884773125	-84.51934134890078
1915	CAVVYNTDKLIF	1	81.23205500039519	-204.3854950686489	147	59.63670884773125	-84.51934134890078
1916	CAVLYNTDKLIF	1	76.92775811780885	-186.7803948197185	147	59.63670884773125	-84.51934134890078
1917	CAVSYNTDKLIF	1	50.856785735012096	-162.2168002099305	147	59.63670884773125	-84.51934134890078
1918	CAVRYNTDKLIF	1	80.07635682222934	-192.1407183218979	147	59.63670884773125	-84.51934134890078
1919	CAVIYNTDKLIF	1	86.5393360042178	-214.12068745896	147	59.63670884773125	-84.51934134890078
1920	CAVGYNTDKLIF	1	99.02824544448067	-192.5211465844613	147	59.63670884773125	-84.51934134890078
1921	CAVKRNTDKLIF	1	195.9740442890841	-255.38757016912248	147	59.63670884773125	-84.51934134890078
1922	CAVPYNTDKLIF	1	70.95545846812777	-182.1096905050435	147	59.63670884773125	-84.51934134890078
1923	CALKYNTDKLIF	1	86.62454850732638	-168.35173975157505	147	59.63670884773125	-84.51934134890078
1924	CAVFYNTDKLIF	1	92.70827579815465	-203.7809147034949	147	59.63670884773125	-84.51934134890078
1925	CAVQYNTDKLIF	1	80.447712240622	-222.50550107564885	147	59.63670884773125	-84.51934134890078
1926	CAVKKNTDKLIF	1	173.85673067154897	-323.67811206586725	147	59.63670884773125	-84.51934134890078
1927	CAASAGTDKLIF	1	0.1144654965372087	40.34125178099502	147	59.63670884773125	-84.51934134890078
1928	CAASRGTDKLIF	1	-20.209078923828457	10.24914933015178	147	59.63670884773125	-84.51934134890078
1929	CAASVGTDKLIF	1	-122.66988156199903	-40.63813453553568	147	59.63670884773125	-84.51934134890078
1930	CAASASTDKLIF	1	-70.34145692446825	-20.03846134237966	147	59.63670884773125	-84.51934134890078
1931	CAASNGTDKLIF	1	-19.993989903952016	-80.24979604712122	147	59.63670884773125	-84.51934134890078
1932	CAASIGTDKLIF	1	-36.67758918873282	-81.96584462295044	147	59.63670884773125	-84.51934134890078
1933	CAYRGNTDKLIF	1	-0.1235807955644201	10.145385916470811	147	59.63670884773125	-84.51934134890078
1934	CAPRGNTDKLIF	1	-93.27692846905374	-47.46684407389569	147	59.63670884773125	-84.51934134890078
1935	CAERGNTDKLIF	1	30.070325258840548	-10.096925369347137	147	59.63670884773125	-84.51934134890078
1936	CAVRGNTDKLIF	1	119.27851180324886	-29.295667962740296	147	59.63670884773125	-84.51934134890078
1937	CAPSYNTDKLIF	1	48.46936076611173	-162.44627975394533	147	59.63670884773125	-84.51934134890078
1938	CAASYNTDKLIF	1	44.83258944253867	-158.02721601847094	147	59.63670884773125	-84.51934134890078
1939	CALSYNTDKLIF	1	10.153062039355978	-9.858366764523176	147	59.63670884773125	-84.51934134890078
1940	CAPIYNTDKLIF	1	102.99875685079137	-312.743729975973	147	59.63670884773125	-84.51934134890078
1941	CAFSYNTDKLIF	1	54.1861877542494	-178.79120675630102	147	59.63670884773125	-84.51934134890078
1942	CAVVHNTDKLIF	1	65.83866310955527	-225.3231863799904	147	59.63670884773125	-84.51934134890078
1943	CATVYNTDKLIF	1	120.59792903490222	-364.2817162932924	147	59.63670884773125	-84.51934134890078
1944	CAVVDNTDKLIF	1	50.67555661713625	-193.79178905845643	147	59.63670884773125	-84.51934134890078
1945	CAVVRNTDKLIF	1	156.37816568739134	-235.9792145784377	147	59.63670884773125	-84.51934134890078
1946	CAVNRNTDKLIF	1	152.10512549392587	-194.2627288278435	147	59.63670884773125	-84.51934134890078
1947	CAVNDNTDKLIF	1	41.94574179904375	-178.94491305175194	147	59.63670884773125	-84.51934134890078
1948	CAVSRNTDKLIF	1	97.17872373337482	-164.51976023099317	147	59.63670884773125	-84.51934134890078
1949	CAVARNTDKLIF	1	175.1945847127485	-138.43252703310014	147	59.63670884773125	-84.51934134890078
1950	CAVNLNTDKLIF	1	-20.013658209512823	-20.022832729023	147	59.63670884773125	-84.51934134890078
1951	CAPGGNTDKLIF	1	209.2848476054831	23.682480278451298	147	59.63670884773125	-84.51934134890078
1952	CAPKGNTDKLIF	1	-35.66126552636754	198.9922192223427	147	59.63670884773125	-84.51934134890078
1953	CAASINTDKLIF	1	48.775251233016775	-152.2433180785345	147	59.63670884773125	-84.51934134890078
1954	CAASHNTDKLIF	1	63.94243935660904	-165.52324219775758	147	59.63670884773125	-84.51934134890078
1955	CAASKNTDKLIF	1	66.67834255871847	-189.51368493852303	147	59.63670884773125	-84.51934134890078
1956	CAASGNTDKLIF	1	79.00205175920595	-150.01123086907864	147	59.63670884773125	-84.51934134890078
1957	CAASRNTDKLIF	1	53.64399672055151	-118.5150222972349	147	59.63670884773125	-84.51934134890078
1958	CAASDNTDKLIF	1	39.562162128103054	-40.0184103790282	147	59.63670884773125	-84.51934134890078
1959	CAVPHNTDKLIF	1	10.118977451014256	-9.851925011039338	147	59.63670884773125	-84.51934134890078
1960	CAVAHNTDKLIF	1	68.40417661170981	-212.13023761563804	147	59.63670884773125	-84.51934134890078
1961	CALSENTDKLIF	1	-169.0061978308574	-64.06951920471917	147	59.63670884773125	-84.51934134890078
1962	CALSLNTDKLIF	1	-175.433249379336	-60.42661025712335	147	59.63670884773125	-84.51934134890078
1963	CALSNNTDKLIF	1	-161.45996737458628	-50.1056322895552	147	59.63670884773125	-84.51934134890078
1964	CALSEGTDKLIF	1	-348.583123931482	-92.17839976794464	147	59.63670884773125	-84.51934134890078
1965	CAVSNNTDKLIF	1	0.1888393770870422	-40.15261851189183	147	59.63670884773125	-84.51934134890078
1966	CAVSSNTDKLIF	1	34.19198558348716	-153.78439276055232	147	59.63670884773125	-84.51934134890078
1967	CAVSGNTDKLIF	1	94.41763459440811	-126.7718358451488	147	59.63670884773125	-84.51934134890078
1968	CAVGNNTDKLIF	1	152.2031954761279	-79.28418261200528	147	59.63670884773125	-84.51934134890078
1969	CAVSTNTDKLIF	1	-10.05854175197322	60.36003756630819	147	59.63670884773125	-84.51934134890078
1970	CAVSPNTDKLIF	1	22.42532344219868	-187.9916537167094	147	59.63670884773125	-84.51934134890078
1971	CAVDNNTDKLIF	1	129.09961738965333	61.98012999844436	147	59.63670884773125	-84.51934134890078
1972	CLVGGNTDKLIF	1	387.49387528448574	-15.613981500280726	147	59.63670884773125	-84.51934134890078
1973	CAVGGNTDKLIF	1	179.3197819278028	-16.909766011858455	147	59.63670884773125	-84.51934134890078
1974	CVVSYNTDKLIF	1	-22.443670693603472	-132.69901388228502	147	59.63670884773125	-84.51934134890078
1975	CVVSANTDKLIF	1	371.0150077542266	70.59824307681461	147	59.63670884773125	-84.51934134890078
1976	CAFSSNTGKLIF	1	43.86849661136959	-329.61619741415785	147	59.63670884773125	-84.51934134890078
1977	CAASSNTGKLIF	1	55.6955506000387	-271.4104367134298	147	59.63670884773125	-84.51934134890078
1978	CAVSSNTGKLIF	1	57.0586744969217	-341.2171834468754	147	59.63670884773125	-84.51934134890078
1979	CAVRSNTDKLIF	1	49.26845421810334	-205.13686951122077	147	59.63670884773125	-84.51934134890078
1980	CAVRTNTDKLIF	1	131.18960181593428	-113.36579939806047	147	59.63670884773125	-84.51934134890078
1981	CAVRSDTDKLIF	1	138.751911102005	-255.1492453579464	147	59.63670884773125	-84.51934134890078
1982	CAVRSFTDKLIF	1	-80.3813488923763	0.0145616581227763	147	59.63670884773125	-84.51934134890078
1983	CALLYNTDKLIF	1	52.36201742895747	-117.9898871932106	147	59.63670884773125	-84.51934134890078
1984	CALIYNTDKLIF	1	86.2657033074444	-172.782952541219	147	59.63670884773125	-84.51934134890078
1985	CALGYNTDKLIF	1	88.12304270872983	-183.87049970531552	147	59.63670884773125	-84.51934134890078
1986	CALFYNTDKLIF	1	72.67939262111993	-174.60318093554258	147	59.63670884773125	-84.51934134890078
1987	CAVIGGTDKLIF	1	318.0892001616008	339.69926873075894	147	59.63670884773125	-84.51934134890078
1988	CAVGGGTDKLIF	1	236.36786980907792	212.08804352905196	147	59.63670884773125	-84.51934134890078
1989	CAVLGNTDKLIF	1	132.72997734956198	-127.04495515570524	147	59.63670884773125	-84.51934134890078
1990	CAALYNTDKLIF	1	57.7328522306812	-238.4763143298168	147	59.63670884773125	-84.51934134890078
1991	CAVLDNTDKLIF	1	36.99866100102192	-187.05419462606412	147	59.63670884773125	-84.51934134890078
1992	CAANYNTDKLIF	1	2.5314765995083306	-321.2368418935524	147	59.63670884773125	-84.51934134890078
1993	CAAHYNTDKLIF	1	36.70121424343903	-314.94595608203656	147	59.63670884773125	-84.51934134890078
1994	CAAFYNTDKLIF	1	60.39081482208999	-277.9728658299838	147	59.63670884773125	-84.51934134890078
1995	CATDKNTDKLIF	1	249.61742150720343	-115.89099285299598	147	59.63670884773125	-84.51934134890078
1996	CATDVNTDKLIF	1	20.155925934147287	0.1454771856842782	147	59.63670884773125	-84.51934134890078
1997	CATDGNTDKLIF	1	245.2881582047911	-41.33581938398458	147	59.63670884773125	-84.51934134890078
1998	CAVTVNTDKLIF	1	-206.51969522608704	37.55914384423157	147	59.63670884773125	-84.51934134890078
1999	CAVSYYTDKLIF	1	46.16453344399525	-316.6585679122355	147	59.63670884773125	-84.51934134890078
2000	CAVGRGTDKLIF	1	287.27614391760824	295.5554102553925	147	59.63670884773125	-84.51934134890078
2001	CAVGGDTDKLIF	1	141.24788711605106	225.3544509032774	147	59.63670884773125	-84.51934134890078
2002	CAASRDTDKLIF	1	-8.704772056884536	157.32700881637706	147	59.63670884773125	-84.51934134890078
2003	CAASEDTDKLIF	1	-4.295139959706742	281.90350789334747	147	59.63670884773125	-84.51934134890078
2004	CAASMDTDKLIF	1	-7.171969696579076	241.72382808476527	147	59.63670884773125	-84.51934134890078
2005	CILLYNTDKLIF	1	-250.5997558616889	1.2675223593992282	147	59.63670884773125	-84.51934134890078
2006	CAFGYNTDKLIF	1	110.59034247117694	-298.73484794202363	147	59.63670884773125	-84.51934134890078
2007	CAVSRGTDKLIF	1	187.92697081254252	153.40449963473216	147	59.63670884773125	-84.51934134890078
2008	CAGARNTDKLIF	1	-223.0868265575041	-104.59430966718264	147	59.63670884773125	-84.51934134890078
2009	CAVPFNTDKLIF	1	39.088887307409166	-157.12656797965442	147	59.63670884773125	-84.51934134890078
2010	CAVPDNTDKLIF	1	23.306653965661315	-163.50582305557086	147	59.63670884773125	-84.51934134890078
2011	CAVPLNTDKLIF	1	66.19756340922955	-159.2997877783194	147	59.63670884773125	-84.51934134890078
2012	CALEGNTDKLIF	1	-39.68942576286173	374.0456968899575	147	59.63670884773125	-84.51934134890078
2013	CAVGYHTDKLIF	1	288.12061693312	-325.16423350520927	147	59.63670884773125	-84.51934134890078
2014	CAVGLNTDKLIF	1	158.49959334916554	-144.40429217118097	147	59.63670884773125	-84.51934134890078
2015	CAVGDNTDKLIF	1	-10.15815261044052	40.27427741838866	147	59.63670884773125	-84.51934134890078
2016	CAVEGRTDKLIF	1	82.4317712283644	355.3101424232658	147	59.63670884773125	-84.51934134890078
2017	CAVRGRTDKLIF	1	137.2750436784329	282.7595413468798	147	59.63670884773125	-84.51934134890078
2018	CATPYNTDKLIF	1	83.14125035319607	-282.31093785564974	147	59.63670884773125	-84.51934134890078
2019	CAYSIGTDKLIF	1	106.34203629598288	-189.5779485751538	147	59.63670884773125	-84.51934134890078
2020	CAVDGNTGKLIF	1	239.12035785594057	310.528257533709	147	59.63670884773125	-84.51934134890078
2021	CAVDGNTDKLIF	1	156.75759962529185	-27.962218905726296	147	59.63670884773125	-84.51934134890078
2022	CAVKGNTGKLIF	1	254.7857922383115	351.40886099845227	147	59.63670884773125	-84.51934134890078
2023	CAVRGNTGKLIF	1	223.61304615488743	274.93359076546824	147	59.63670884773125	-84.51934134890078
2024	CAVEGNTGKLIF	1	264.3736642126224	355.76505000305906	147	59.63670884773125	-84.51934134890078
2025	CAVGGNTGKLIF	1	245.6014395757508	258.858594647292	147	59.63670884773125	-84.51934134890078
2026	CAVSFDTDKLIF	1	-342.0553561099952	-111.3025686233632	147	59.63670884773125	-84.51934134890078
2027	CAVSPDTDKLIF	1	-194.4567027006744	-316.05380112778766	147	59.63670884773125	-84.51934134890078
2028	CAVAGNTDKLIF	1	179.5181160389678	-130.52982304175876	147	59.63670884773125	-84.51934134890078
2029	CAVDFNTDKLIF	1	-105.26709498633684	-48.48306177131255	147	59.63670884773125	-84.51934134890078
2030	CAVDANTDKLIF	1	-69.26808027490881	-89.07569210146467	147	59.63670884773125	-84.51934134890078
2031	CAVDINTDKLIF	1	31.545749000639056	156.82261923342196	147	59.63670884773125	-84.51934134890078
2032	CAVTDNTDKLIF	1	-40.31825014077612	20.26060682871997	147	59.63670884773125	-84.51934134890078
2033	CAVTWNTDKLIF	1	-70.34780290603348	10.100110548797748	147	59.63670884773125	-84.51934134890078
2034	CASFYNTDKLIF	1	135.35939480824888	-312.83453702932434	147	59.63670884773125	-84.51934134890078
2035	CAVGAHTDKLIF	1	418.4546857219324	-386.4358742915479	147	59.63670884773125	-84.51934134890078
2036	CAVQANTDKLIF	1	51.48349218675419	-307.68853007951776	147	59.63670884773125	-84.51934134890078
2037	CAVEANTDKLIF	1	145.47752977535734	-137.36669747002765	147	59.63670884773125	-84.51934134890078
2038	CAENGNTDKLIF	1	-3.4647051835170752	447.273066012328	147	59.63670884773125	-84.51934134890078
2039	CAVSRNTGKLIF	1	92.24357445065247	-410.69648530655695	147	59.63670884773125	-84.51934134890078
2040	CAMKGNTDKLIF	1	5.985083699516981	436.0919175990842	147	59.63670884773125	-84.51934134890078
2041	CAMNGNTDKLIF	1	-11.425536815014384	535.7799785243989	147	59.63670884773125	-84.51934134890078
2042	CAAKGNTDKLIF	1	120.55888005335574	268.7485905638262	147	59.63670884773125	-84.51934134890078
2043	CAVMSNTGKLIF	1	80.38146473479232	-532.3479596166062	147	59.63670884773125	-84.51934134890078
2044	CAVSINTGKLIF	1	68.86570697702	-469.6652277227275	147	59.63670884773125	-84.51934134890078
2045	CAVAPNTDKLIF	1	101.29553371581396	-285.8724251633938	147	59.63670884773125	-84.51934134890078
2051	CILRDSGGSNYKLTF	3	601.2625268632246	-53.60083940081345	115	32.144702375557216	-7.385750787545102
2052	CILRRSGGSNYKLTF	3	574.0954694194675	-44.71300830147285	115	32.144702375557216	-7.385750787545102
2053	CILRASGGSNYKLTF	3	566.808366882461	-30.945413182709647	115	32.144702375557216	-7.385750787545102
2054	CILRVSGGSNYKLTF	3	585.7217242136186	-55.09491667998565	115	32.144702375557216	-7.385750787545102
2055	CILRDVGGSNYKLTF	3	679.5485882453564	-88.62524388209572	115	32.144702375557216	-7.385750787545102
2056	CILRGSGGSNYKLTF	3	478.2248018296873	-13.044587452047464	115	32.144702375557216	-7.385750787545102
2057	CAVQYSGGSNYKLTF	3	-36.39997100469338	165.61811472892597	115	32.144702375557216	-7.385750787545102
2058	CAVQDSGGSNYKLTF	3	-74.42743506386451	83.4229874692273	115	32.144702375557216	-7.385750787545102
2059	CAVQESGGSNYKLTF	3	-21.70270572051189	253.3268800674942	115	32.144702375557216	-7.385750787545102
2060	CAVQGSGGSNYKLTF	3	-40.29160758301124	30.29224216389361	115	32.144702375557216	-7.385750787545102
2061	CAVRDSGGSNYKLTF	3	50.28831158975375	10.215908322172986	115	32.144702375557216	-7.385750787545102
2062	CAARNSGGSNYKLTF	3	-248.1035329902389	49.36058147737545	115	32.144702375557216	-7.385750787545102
2063	CAVRNSGGSNYKLTF	3	-80.38911935729338	99.91105031184097	115	32.144702375557216	-7.385750787545102
2064	CAAGNSGGSNYKLTF	3	-188.72362251517396	59.21506685881542	115	32.144702375557216	-7.385750787545102
2065	CAAINSGGSNYKLTF	3	-213.1573542686344	-44.89047718290068	115	32.144702375557216	-7.385750787545102
2066	CAASNSGGSNYKLTF	3	-268.22221198844574	138.0777771516684	115	32.144702375557216	-7.385750787545102
2067	CAARDSGGSNYKLTF	3	-224.84343301343856	-259.354867082458	115	32.144702375557216	-7.385750787545102
2068	CAMRNSGGSNYKLTF	3	-283.4652024555917	162.90062917748406	115	32.144702375557216	-7.385750787545102
2069	CAPGGSGGSNYKLTF	3	245.7333331373801	81.25329534005044	115	32.144702375557216	-7.385750787545102
2070	CAVGGSGGSNYKLTF	3	124.11672634686651	114.79388509470982	115	32.144702375557216	-7.385750787545102
2071	CAVSKGGGSNYKLTF	3	515.2662396131506	105.76944438496548	115	32.144702375557216	-7.385750787545102
2072	CAVSIGGGSNYKLTF	3	275.133827749313	81.65911741865646	115	32.144702375557216	-7.385750787545102
2073	CAVGNSGGSNYKLTF	3	-11.684383059557472	98.85593684452108	115	32.144702375557216	-7.385750787545102
2074	CAVGCSGGSNYKLTF	3	105.20253119458609	230.42353567346316	115	32.144702375557216	-7.385750787545102
2075	CAVGPSGGSNYKLTF	3	57.85279524216781	238.8090938329273	115	32.144702375557216	-7.385750787545102
2076	CAVPNSGGSNYKLTF	3	-91.06197171215594	10.367108089746626	115	32.144702375557216	-7.385750787545102
2077	CAVSNSGGSNYKLTF	3	-25.90949125236156	85.35167201181659	115	32.144702375557216	-7.385750787545102
2078	CAVENSGGSNYKLTF	3	40.01894738239028	-60.19907040121612	115	32.144702375557216	-7.385750787545102
2079	CAVGESGGSNYKLTF	3	45.36110459532709	249.4368484252163	115	32.144702375557216	-7.385750787545102
2080	CAGGNSGGSNYKLTF	3	-32.46310123219119	-189.46082073471965	115	32.144702375557216	-7.385750787545102
2081	CAVVNSGGSNYKLTF	3	-65.31475682630133	-30.68920459853078	115	32.144702375557216	-7.385750787545102
2082	CAVANSGGSNYKLTF	3	-20.2185258239416	50.35167212468705	115	32.144702375557216	-7.385750787545102
2083	CALGNSGGSNYKLTF	3	40.26001704672583	-30.0064500626143	115	32.144702375557216	-7.385750787545102
2084	CAVLNSGGSNYKLTF	3	0.1128457866849501	30.320559759510807	115	32.144702375557216	-7.385750787545102
2085	CAASIGGGSNYKLTF	3	-29.06083421625748	-40.219819283053326	115	32.144702375557216	-7.385750787545102
2086	CAASTGGGSNYKLTF	3	9.153461593407968	142.87429032773954	115	32.144702375557216	-7.385750787545102
2087	CAASRGGGSNYKLTF	3	8.672311354592324	139.32121260612945	115	32.144702375557216	-7.385750787545102
2088	CAASAGGGSNYKLTF	3	-43.94234319750274	128.0430789578402	115	32.144702375557216	-7.385750787545102
2089	CAASSGGGSNYKLTF	3	-10.695273928145832	139.44367832778283	115	32.144702375557216	-7.385750787545102
2090	CAASVGGGSNYKLTF	3	-9.938233868787222	-19.9105113218683	115	32.144702375557216	-7.385750787545102
2091	CAVFEGGGSNYKLTF	3	124.88210461141816	620.7839610268579	115	32.144702375557216	-7.385750787545102
2092	CAVEEGGGSNYKLTF	3	91.30108174422332	512.6024942027043	115	32.144702375557216	-7.385750787545102
2093	CAVRSSGGSNYKLTF	3	-51.64331618650241	143.159776928282	115	32.144702375557216	-7.385750787545102
2094	CAVRRSGGSNYKLTF	3	-119.37372457763696	155.67807041234508	115	32.144702375557216	-7.385750787545102
2095	CAVRGSGGSNYKLTF	3	10.167583621261343	-30.03571704726879	115	32.144702375557216	-7.385750787545102
2096	CAVRISGGSNYKLTF	3	-97.97772017267918	176.74995795556208	115	32.144702375557216	-7.385750787545102
2097	CAVRESGGSNYKLTF	3	-64.44811449247132	199.3036839146276	115	32.144702375557216	-7.385750787545102
2098	CAVRPSGGSNYKLTF	3	-65.1258960127839	192.72142561584928	115	32.144702375557216	-7.385750787545102
2099	CAVSISGGSNYKLTF	3	6.900573063795507	228.5310941201462	115	32.144702375557216	-7.385750787545102
2100	CAGLNSGGSNYKLTF	3	8.009558067310131	-258.8549065846024	115	32.144702375557216	-7.385750787545102
2101	CAGHNSGGSNYKLTF	3	-21.58461061603694	-325.3115423592	115	32.144702375557216	-7.385750787545102
2102	CAGKNSGGSNYKLTF	3	-33.58238097243107	-339.4660286494116	115	32.144702375557216	-7.385750787545102
2103	CLGLNSGGSNYKLTF	3	-28.457112144521407	-399.7059390524566	115	32.144702375557216	-7.385750787545102
2104	CALLNSGGSNYKLTF	3	147.35336735785805	-114.67970384106242	115	32.144702375557216	-7.385750787545102
2105	CAGPNSGGSNYKLTF	3	-28.044300773454538	-279.32969988843973	115	32.144702375557216	-7.385750787545102
2106	CAGQNSGGSNYKLTF	3	-21.24086666016318	-254.112672942344	115	32.144702375557216	-7.385750787545102
2107	CAGINSGGSNYKLTF	3	-13.289019837738431	-274.7620134390885	115	32.144702375557216	-7.385750787545102
2108	CAFLNSGGSNYKLTF	3	141.46514997811718	-211.13021372062508	115	32.144702375557216	-7.385750787545102
2109	CAGRRSGGSNYKLTF	3	-234.2652285458289	138.0523047870419	115	32.144702375557216	-7.385750787545102
2110	CAGRGSGGSNYKLTF	3	-286.0004950501746	45.57099209522208	115	32.144702375557216	-7.385750787545102
2111	CAVNESGGSNYKLTF	3	14.981508225300892	335.08743687101054	115	32.144702375557216	-7.385750787545102
2112	CAVEESGGSNYKLTF	3	25.760744528127773	281.8536436151336	115	32.144702375557216	-7.385750787545102
2113	CAVSESGGSNYKLTF	3	18.437481049188165	260.4477745394477	115	32.144702375557216	-7.385750787545102
2114	CALSGGGGSNYKLTF	3	-307.23705274296407	-19.429543520525453	115	32.144702375557216	-7.385750787545102
2115	CALSGSGGSNYKLTF	3	-109.6851968678274	-95.3668479907564	115	32.144702375557216	-7.385750787545102
2116	CALSEGGGSNYKLTF	3	-354.3079787965205	271.55589318717745	115	32.144702375557216	-7.385750787545102
2117	CAAEGSGGSNYKLTF	3	-20.133550819210317	50.34049727296382	115	32.144702375557216	-7.385750787545102
2118	CAGEGSGGSNYKLTF	3	-219.45626040398588	-135.90956824244495	115	32.144702375557216	-7.385750787545102
2119	CAVEGSGGSNYKLTF	3	107.79397632167394	83.85985552328738	115	32.144702375557216	-7.385750787545102
2120	CAVSPSGGSNYKLTF	3	-16.531863475855847	230.5186408275829	115	32.144702375557216	-7.385750787545102
2121	CIVRSSGGSNYKLTF	3	352.76212196137067	80.1671390428451	115	32.144702375557216	-7.385750787545102
2122	CAVEGGGGSNYKLTF	3	134.78554995254018	425.75229405500727	115	32.144702375557216	-7.385750787545102
2123	CLLGNSGGSNYKLTF	3	127.77937077382892	-260.67281100207697	115	32.144702375557216	-7.385750787545102
2124	CLLGESGGSNYKLTF	3	-10.031540481176217	20.2392858449035	115	32.144702375557216	-7.385750787545102
2125	CILGNSGGSNYKLTF	3	279.0005096100179	-274.44423055977484	115	32.144702375557216	-7.385750787545102
2126	CILLNSGGSNYKLTF	3	341.883280068478	-275.52344833288544	115	32.144702375557216	-7.385750787545102
2127	CILTNSGGSNYKLTF	3	321.4795200012445	-231.45745037920867	115	32.144702375557216	-7.385750787545102
2128	CIVLNSGGSNYKLTF	3	336.59223845876335	-218.7195642027708	115	32.144702375557216	-7.385750787545102
2129	CILSNSGGSNYKLTF	3	356.04266167262165	-317.2754547201027	115	32.144702375557216	-7.385750787545102
2130	CAVSGSGGSNYKLTF	3	46.20726081897188	103.61626038223054	115	32.144702375557216	-7.385750787545102
2131	CAVSNSGGGNYKLTF	3	-51.90734778502559	-192.88705886205625	115	32.144702375557216	-7.385750787545102
2132	CVVSNSGGSNYKLTF	3	30.247451996304054	-9.90599861916912	115	32.144702375557216	-7.385750787545102
2133	CAVERSGGSNYKLTF	3	-130.8748431068604	200.93770001012544	115	32.144702375557216	-7.385750787545102
2134	CAASASGGSNYKLTF	3	-284.9811266577065	109.1907029371582	115	32.144702375557216	-7.385750787545102
2135	CAVGGGGGSNYKLTF	3	136.54527207120393	380.8103024761921	115	32.144702375557216	-7.385750787545102
2136	CAVPGGGGSNYKLTF	3	122.5296623947074	511.3033315915389	115	32.144702375557216	-7.385750787545102
2137	CIVRASGGSNYKLTF	3	504.7808477352824	9.548892514750817	115	32.144702375557216	-7.385750787545102
2138	CAGDDSGGSNYKLTF	3	-134.86581928659712	-583.2442697722286	115	32.144702375557216	-7.385750787545102
2139	CAGKDSGGSNYKLTF	3	-126.895342933249	-534.1189029289394	115	32.144702375557216	-7.385750787545102
2140	CAGADSGGSNYKLTF	3	-124.71159243244188	-568.5199148826182	115	32.144702375557216	-7.385750787545102
2141	CAGEDSGGSNYKLTF	3	-147.9246851172073	-509.33435122524793	115	32.144702375557216	-7.385750787545102
2142	CAVDRSGGSNYKLTF	3	-240.56105616306107	280.378626091835	115	32.144702375557216	-7.385750787545102
2143	CAGQGSGGSNYKLTF	3	-231.06087042452896	-100.5809984899842	115	32.144702375557216	-7.385750787545102
2144	CAGQKSGGSNYKLTF	3	-12.956976387197216	-235.1542609152016	115	32.144702375557216	-7.385750787545102
2145	CALQNSGGSNYKLTF	3	110.51769802081444	70.46180002349892	115	32.144702375557216	-7.385750787545102
2146	CALTNSGGSNYKLTF	3	215.08816276584488	-76.66285430848913	115	32.144702375557216	-7.385750787545102
2147	CALMNSGGSNYKLTF	3	209.56800707755195	13.09051147629902	115	32.144702375557216	-7.385750787545102
2148	CATTNSGGSNYKLTF	3	289.0263016768134	-149.74096183648933	115	32.144702375557216	-7.385750787545102
2149	CALSFSGGSNYKLTF	3	-162.52625850122865	-212.3337772710562	115	32.144702375557216	-7.385750787545102
2150	CALSASGGSNYKLTF	3	-205.0211507605247	-153.07006090970083	115	32.144702375557216	-7.385750787545102
2151	CALSYSGGSNYKLTF	3	35.948858195634585	-174.2123669077441	115	32.144702375557216	-7.385750787545102
2152	CAVKGSGGSNYKLTF	3	151.55547848130297	103.77056589798497	115	32.144702375557216	-7.385750787545102
2153	CAVVGSGGSNYKLTF	3	115.30425982558089	54.82041375455139	115	32.144702375557216	-7.385750787545102
2154	CAVDISGGSNYKLTF	3	-181.29500747139164	338.3599750074719	115	32.144702375557216	-7.385750787545102
2155	CASINSGGSNYKLTF	3	141.25117473718345	-135.85505210677223	115	32.144702375557216	-7.385750787545102
2156	CAASPSGGSNYKLTF	3	-318.32225478815	212.65745648018472	115	32.144702375557216	-7.385750787545102
2157	CAASWSGGSNYKLTF	3	-373.9739999234929	205.83772541793283	115	32.144702375557216	-7.385750787545102
2158	CAAKDSGGSNYKLTF	3	-193.31358530777564	-474.3746287643991	115	32.144702375557216	-7.385750787545102
2159	CATVNSGGSNYKLTF	3	216.7362423018368	-279.9688406551973	115	32.144702375557216	-7.385750787545102
2160	CAGPQSGGSNYKLTF	3	-28.351238917296996	-461.1861601511029	115	32.144702375557216	-7.385750787545102
2161	CAGPISGGSNYKLTF	3	2.429224247944592	-435.3108628967229	115	32.144702375557216	-7.385750787545102
2162	CAVGGSGGSNYELTF	3	353.78569261183634	60.920273755406974	115	32.144702375557216	-7.385750787545102
2163	CAGAQSGGSNYKLTF	3	-86.74378822015605	-580.7288006472171	115	32.144702375557216	-7.385750787545102
2164	CILMGSGGSNYKLTF	3	203.4065922255296	236.69718398445232	115	32.144702375557216	-7.385750787545102
2165	CILIGSGGSNYKLTF	3	20.21855974338953	-30.02224296409256	115	32.144702375557216	-7.385750787545102
2850	CAVINAGGTSYGKLTF	2	80.33251330444716	-10.08390973428004	116	-53.4305001381963	79.58059821133538
2851	CAVSNAGGTSYGKLTF	2	-80.4336969659396	20.03123555019119	116	-53.4305001381963	79.58059821133538
2852	CAVENAGGTSYGKLTF	2	19.934827007811144	20.18594738096733	116	-53.4305001381963	79.58059821133538
2853	CAVHNAGGTSYGKLTF	2	-72.54515507997925	57.35670494079744	116	-53.4305001381963	79.58059821133538
2854	CAVFNAGGTSYGKLTF	2	-64.58077660864127	23.158322141508464	116	-53.4305001381963	79.58059821133538
2855	CAVANAGGTSYGKLTF	2	-35.76336080128014	50.180346455026026	116	-53.4305001381963	79.58059821133538
2856	CAVLNAGGTSYGKLTF	2	-50.281156420351664	52.82147725600724	116	-53.4305001381963	79.58059821133538
2857	CAVRNAGGTSYGKLTF	2	-10.23575877642294	-10.064337013080843	116	-53.4305001381963	79.58059821133538
2858	CAAINAGGTSYGKLTF	2	-99.69801993225124	2.4625451469361685	116	-53.4305001381963	79.58059821133538
2859	CAVYNAGGTSYGKLTF	2	-60.98087920107175	5.879293205445894	116	-53.4305001381963	79.58059821133538
2860	CAVPNAGGTSYGKLTF	2	-62.90245286247859	29.568787549821387	116	-53.4305001381963	79.58059821133538
2861	CAVIYAGGTSYGKLTF	2	197.65153425942572	25.150420801025355	116	-53.4305001381963	79.58059821133538
2862	CAVTNAGGTSYGKLTF	2	-29.237691706664076	83.57434640613937	116	-53.4305001381963	79.58059821133538
2863	CAVGNAGGTSYGKLTF	2	60.30372400428631	20.061952819824768	116	-53.4305001381963	79.58059821133538
2864	CALINAGGTSYGKLTF	2	0.1434200054164378	-19.958346358386496	116	-53.4305001381963	79.58059821133538
2865	CAANNAGGTSYGKLTF	2	-60.34654088440704	0.0877065015674176	116	-53.4305001381963	79.58059821133538
2866	CAAKNAGGTSYGKLTF	2	20.20103332539894	-9.95517375072286	116	-53.4305001381963	79.58059821133538
2867	CAAPNAGGTSYGKLTF	2	-95.1386203873574	51.4669392082655	116	-53.4305001381963	79.58059821133538
2868	CAINNAGGTSYGKLTF	2	133.8605089372803	350.862656461852	116	-53.4305001381963	79.58059821133538
2869	CAASNAGGTSYGKLTF	2	-98.88911855597546	40.86388432555163	116	-53.4305001381963	79.58059821133538
2870	CAAVNAGGTSYGKLTF	2	-115.39192016825116	-11.255013252275106	116	-53.4305001381963	79.58059821133538
2871	CALRFAGGTSYGKLTF	2	-662.8382858513532	-56.95869139181342	116	-53.4305001381963	79.58059821133538
2872	CALRTAGGTSYGKLTF	2	-661.6911199616691	-74.56421461464969	116	-53.4305001381963	79.58059821133538
2873	CALRRAGGTSYGKLTF	2	-578.2330108525289	-36.18189813391204	116	-53.4305001381963	79.58059821133538
2874	CAVSAAGGTSYGKLTF	2	-65.78813984683667	116.10965113289312	116	-53.4305001381963	79.58059821133538
2875	CAGSNAGGTSYGKLTF	2	-78.8686960986338	-72.05002913326504	116	-53.4305001381963	79.58059821133538
2876	CAVSSAGGTSYGKLTF	2	-60.226540712456085	59.7115714907968	116	-53.4305001381963	79.58059821133538
2877	CAVSDAGGTSYGKLTF	2	-70.14267626527527	122.3209201316993	116	-53.4305001381963	79.58059821133538
2878	CAVSVAGGTSYGKLTF	2	-85.39450246147656	111.06383083558588	116	-53.4305001381963	79.58059821133538
2879	CALSNAGGTSYGKLTF	2	-1.6920470946070418	155.0295942440887	116	-53.4305001381963	79.58059821133538
2880	CVVSNAGGTSYGKLTF	2	-0.1772053306648491	-30.170571259814043	116	-53.4305001381963	79.58059821133538
2881	CAPSNAGGTSYGKLTF	2	-74.44486219065955	113.2874467874853	116	-53.4305001381963	79.58059821133538
2882	CIVLNAGGTSYGKLTF	2	-225.2134001873151	18.22588685202962	116	-53.4305001381963	79.58059821133538
2883	CAGFNAGGTSYGKLTF	2	-49.59979250057249	-109.90248975166833	116	-53.4305001381963	79.58059821133538
2884	CAGRNAGGTSYGKLTF	2	-50.221144136438426	-104.5922898822929	116	-53.4305001381963	79.58059821133538
2885	CAGENAGGTSYGKLTF	2	-36.89136519634559	-101.82381482892085	116	-53.4305001381963	79.58059821133538
2886	CAGQNAGGTSYGKLTF	2	-68.72641757436497	-128.04248952410748	116	-53.4305001381963	79.58059821133538
2887	CAGLNAGGTSYGKLTF	2	40.23471789951684	20.288495244921137	116	-53.4305001381963	79.58059821133538
2888	CAGVNAGGTSYGKLTF	2	-57.65002829107305	-131.36632170113543	116	-53.4305001381963	79.58059821133538
2889	CAGDNAGGTSYGKLTF	2	-30.21943945809707	10.165059679736103	116	-53.4305001381963	79.58059821133538
2890	CAGYNAGGTSYGKLTF	2	-66.39468349414074	-140.85888741524423	116	-53.4305001381963	79.58059821133538
2891	CATFNAGGTSYGKLTF	2	-63.60793390012316	-80.37715787567755	116	-53.4305001381963	79.58059821133538
2892	CAGHNAGGTSYGKLTF	2	-21.186267437353077	-105.28589697230032	116	-53.4305001381963	79.58059821133538
2893	CAGVGAGGTSYGKLTF	2	133.77446497170968	90.75846342396494	116	-53.4305001381963	79.58059821133538
2894	CAGVRAGGTSYGKLTF	2	-10.182987840440626	10.183497759187484	116	-53.4305001381963	79.58059821133538
2895	CAVVGAGGTSYGKLTF	2	-98.90637509389498	123.9871003647639	116	-53.4305001381963	79.58059821133538
2896	CAGGGAGGTSYGKLTF	2	236.93057053206252	199.41443748865203	116	-53.4305001381963	79.58059821133538
2897	CALSYAGGTSYGKLTF	2	57.46356313876361	380.15852849146114	116	-53.4305001381963	79.58059821133538
2898	CAPSYAGGTSYGKLTF	2	82.78752023780471	296.04845407812445	116	-53.4305001381963	79.58059821133538
2899	CAASYAGGTSYGKLTF	2	9.860752876298632	-10.13281832418275	116	-53.4305001381963	79.58059821133538
2900	CALSEAGGTSYGKLTF	2	39.08812995455924	448.9347230357944	116	-53.4305001381963	79.58059821133538
2901	CALSLAGGTSYGKLTF	2	31.70688154499537	461.2881001810399	116	-53.4305001381963	79.58059821133538
2902	CALSPAGGTSYGKLTF	2	17.03609271957008	456.0979437105268	116	-53.4305001381963	79.58059821133538
2903	CAVERAGGTSYGKLTF	2	-286.962847588039	-28.352157334230103	116	-53.4305001381963	79.58059821133538
2904	CAVRRAGGTSYGKLTF	2	-291.16360389470094	0.0477935507550277	116	-53.4305001381963	79.58059821133538
2905	CAVKRAGGTSYGKLTF	2	-364.3625010707119	10.782488758917204	116	-53.4305001381963	79.58059821133538
2906	CALENAGGTSYGKLTF	2	104.93548449895356	97.79577973884722	116	-53.4305001381963	79.58059821133538
2907	CATENAGGTSYGKLTF	2	-19.875250023666343	-49.005523492932255	116	-53.4305001381963	79.58059821133538
2908	CALHNAGGTSYGKLTF	2	117.22672200159738	59.98891873078142	116	-53.4305001381963	79.58059821133538
2909	CALANAGGTSYGKLTF	2	44.12626998876692	125.3275107658691	116	-53.4305001381963	79.58059821133538
2910	CALTNAGGTSYGKLTF	2	126.23037212645671	118.83994795534164	116	-53.4305001381963	79.58059821133538
2911	CALPNAGGTSYGKLTF	2	3.933269437122007	114.32377992974698	116	-53.4305001381963	79.58059821133538
2912	CAQANAGGTSYGKLTF	2	48.85025804268752	145.88624220507586	116	-53.4305001381963	79.58059821133538
2913	CALDNAGGTSYGKLTF	2	105.12304873332413	137.02331413414728	116	-53.4305001381963	79.58059821133538
2914	CAHANAGGTSYGKLTF	2	89.06834534042292	60.12797516777574	116	-53.4305001381963	79.58059821133538
2915	CATLNAGGTSYGKLTF	2	-46.63284816511216	90.14654099377218	116	-53.4305001381963	79.58059821133538
2916	CAYLNAGGTSYGKLTF	2	-138.5696463852415	102.72960751036358	116	-53.4305001381963	79.58059821133538
2917	CATDNAGGTSYGKLTF	2	28.73325378063627	131.71748518833513	116	-53.4305001381963	79.58059821133538
2918	CAVANAGSTSYGKLTF	2	-33.114272967954406	205.3114356466025	116	-53.4305001381963	79.58059821133538
2919	CAVASAGGTSYGKLTF	2	-130.9122867582522	73.24406411434603	116	-53.4305001381963	79.58059821133538
2920	CAVRHAGGTSYGKLTF	2	-251.6062561256893	78.0986085751524	116	-53.4305001381963	79.58059821133538
2921	CAVRPAGGTSYGKLTF	2	-293.0479491272091	26.73397220649912	116	-53.4305001381963	79.58059821133538
2922	CAVRGAGGTSYGKLTF	2	-157.7412915888752	88.22457621001567	116	-53.4305001381963	79.58059821133538
2923	CAVRDAGGTSYGKLTF	2	-0.1256853949961769	10.158799000565043	116	-53.4305001381963	79.58059821133538
2924	CAVDSAGGTSYGKLTF	2	-206.7027232407565	61.48350680311936	116	-53.4305001381963	79.58059821133538
2925	CAVGSAGGTSYGKLTF	2	-118.60919027480472	42.77290434411768	116	-53.4305001381963	79.58059821133538
2926	CAVVSAGGTSYGKLTF	2	10.191630460717548	-9.931448483173812	116	-53.4305001381963	79.58059821133538
2927	CAVLDAGGTSYGKLTF	2	-40.235150185991074	10.149871556716086	116	-53.4305001381963	79.58059821133538
2928	CAASAAGGTSYGKLTF	2	-270.5853998736903	87.07306623546029	116	-53.4305001381963	79.58059821133538
2929	CAVSAVGGTSYGKLTF	2	337.4616453107577	195.45698881367144	116	-53.4305001381963	79.58059821133538
2930	CAEGNAGGTSYGKLTF	2	186.27905930832972	54.78323225769773	116	-53.4305001381963	79.58059821133538
2931	CAPTNAGGTSYGKLTF	2	1.167109016954626	-94.1218008506652	116	-53.4305001381963	79.58059821133538
2932	CAPPNAGGTSYGKLTF	2	-97.25995894559703	66.05825192523366	116	-53.4305001381963	79.58059821133538
2933	CADTNAGGTSYGKLTF	2	222.7738556774964	91.43467297351722	116	-53.4305001381963	79.58059821133538
2934	CAGLSAGGTSYGKLTF	2	5.561246238124965	323.87451118568544	116	-53.4305001381963	79.58059821133538
2935	CAGLDAGGTSYGKLTF	2	-7.778784368959698	233.8854164853221	116	-53.4305001381963	79.58059821133538
2936	CAGLHAGGTSYGKLTF	2	7.150497908560725	334.85133968126263	116	-53.4305001381963	79.58059821133538
2937	CAVTHAGGTSYGKLTF	2	-256.7765888800288	234.74184461671257	116	-53.4305001381963	79.58059821133538
2938	CAPRGAGGTSYGKLTF	2	244.87454905370947	136.87304834623495	116	-53.4305001381963	79.58059821133538
2939	CAPSGAGGTSYGKLTF	2	148.57223842854305	240.1083576294668	116	-53.4305001381963	79.58059821133538
2940	CVVRNAGGTSYGKLTF	2	-188.1382295094258	-187.3637805152841	116	-53.4305001381963	79.58059821133538
2941	CAMRPAGGTSYGKLTF	2	-498.8907026606343	65.11306783858514	116	-53.4305001381963	79.58059821133538
2942	CAASKAGGTSYGKLTF	2	-202.7400537959161	121.19863620085388	116	-53.4305001381963	79.58059821133538
2943	CAASDAGGTSYGKLTF	2	-90.7985397892454	218.6230300333284	116	-53.4305001381963	79.58059821133538
2944	CASPNAGGTSYGKLTF	2	-129.43664199037227	57.27383441981728	116	-53.4305001381963	79.58059821133538
2945	CAFPNAGGTSYGKLTF	2	70.32745589921444	-10.010785595919678	116	-53.4305001381963	79.58059821133538
2946	CAVKGAGGTSYGKLTF	2	-152.14750324229942	164.47641810465257	116	-53.4305001381963	79.58059821133538
2947	CAGPYAGGTSYGKLTF	2	-120.55879839071945	123.89713492258484	116	-53.4305001381963	79.58059821133538
2948	CAGPLAGGTSYGKLTF	2	335.3671313693534	-40.47721707013376	116	-53.4305001381963	79.58059821133538
2949	CAVPYAGGTSYGKLTF	2	-127.51873439764628	61.89245866856997	116	-53.4305001381963	79.58059821133538
2950	CAVPNAGGTSYGRLTF	2	-110.19162374551978	-10.702480423272377	116	-53.4305001381963	79.58059821133538
2951	CAARDAGGTSYGKLTF	2	108.1738123165481	315.1273415533976	116	-53.4305001381963	79.58059821133538
2952	CAVTDAGGTSYGKLTF	2	-136.31193003490765	219.5568130653687	116	-53.4305001381963	79.58059821133538
2953	CAVTFAGGTSYGKLTF	2	-214.27651735045308	319.23048599861886	116	-53.4305001381963	79.58059821133538
2954	CAVGGAGGTSYGKLTF	2	-10.15618068755792	-0.1157188595407241	116	-53.4305001381963	79.58059821133538
2955	CATDAAGGTSYGKLTF	2	130.5064255564315	120.45368573016565	116	-53.4305001381963	79.58059821133538
2956	CATSDAGGTSYGKLTF	2	97.85470577413491	382.2921728858162	116	-53.4305001381963	79.58059821133538
2957	CAVRDGGGTSYGKLTF	2	402.8597535625287	97.25420352516517	116	-53.4305001381963	79.58059821133538
2958	CATGDAGGTSYGKLTF	2	151.88589003382378	388.1645692593755	116	-53.4305001381963	79.58059821133538
2959	CAMSVAGGTSYGKLTF	2	5.785793086450242	273.18035838239206	116	-53.4305001381963	79.58059821133538
2960	CAMSGAGGTSYGKLTF	2	-0.1392533409358254	10.175338805034096	116	-53.4305001381963	79.58059821133538
2961	CAVVLAGGTSYGKLTF	2	-10.169619736415328	-0.0828654500259187	116	-53.4305001381963	79.58059821133538
2962	CAFGDAGGTSYGKLTF	2	60.20379507848219	110.40338712706144	116	-53.4305001381963	79.58059821133538
2963	CAASATGGTSYGKLTF	2	-507.3873777178167	10.410560667045624	116	-53.4305001381963	79.58059821133538
2964	CAASAEGGTSYGKLTF	2	-500.20069065515446	35.51011472939407	116	-53.4305001381963	79.58059821133538
2965	CAASASGGTSYGKLTF	2	-488.62518674755887	-5.938214730219929	116	-53.4305001381963	79.58059821133538
