	cdr3	cluster_id	x	y	cluster_size	x_mean	y_mean	cc
179	CAVRSGGSNYKLTF	2	14.18777561187744	157.9029541015625	141	21.38135084869168	169.41721479267093	2
180	CAVGSGGSNYKLTF	2	12.423587799072266	157.104736328125	141	21.38135084869168	169.41721479267093	2
181	CAVNSGGSNYKLTF	2	12.575746536254885	156.81640625	141	21.38135084869168	169.41721479267093	2
182	CAVRRGGSNYKLTF	2	16.390417098999023	159.28988647460938	141	21.38135084869168	169.41721479267093	2
183	CAVESGGSNYKLTF	2	12.20325756072998	156.93084716796875	141	21.38135084869168	169.41721479267093	2
184	CAVQSGGSNYKLTF	2	12.11159610748291	157.30731201171875	141	21.38135084869168	169.41721479267093	2
185	CAVSSGGSNYKLTF	2	12.721430778503418	157.92832946777344	141	21.38135084869168	169.41721479267093	2
186	CAVRCGGSNYKLTF	2	16.608259201049805	158.89520263671875	141	21.38135084869168	169.41721479267093	2
187	CAGRSGGSNYKLTF	2	35.1956787109375	193.0761260986328	141	21.38135084869168	169.41721479267093	2
188	CAVPSGGSNYKLTF	2	12.247974395751951	156.5517578125	141	21.38135084869168	169.41721479267093	2
189	CAVVSGGSNYKLTF	2	11.976409912109377	157.43760681152344	141	21.38135084869168	169.41721479267093	2
190	CAVHSGGSNYKLTF	2	11.918878555297852	156.79478454589844	141	21.38135084869168	169.41721479267093	2
191	CAVFSGGSNYKLTF	2	11.804503440856934	157.30813598632812	141	21.38135084869168	169.41721479267093	2
192	CAVKSGGSNYKLTF	2	12.093626022338867	156.85369873046875	141	21.38135084869168	169.41721479267093	2
193	CAVASGGSNYKLTF	2	11.861804962158203	156.45968627929688	141	21.38135084869168	169.41721479267093	2
194	CAVWSGGSNYKLTF	2	12.235082626342772	156.31631469726562	141	21.38135084869168	169.41721479267093	2
195	CAVCSGGSNYKLTF	2	12.338815689086914	157.599609375	141	21.38135084869168	169.41721479267093	2
196	CAVRGGGSNYKLTF	2	17.866960525512695	159.8490447998047	141	21.38135084869168	169.41721479267093	2
197	CAVMSGGSNYKLTF	2	12.75026512145996	157.14112854003906	141	21.38135084869168	169.41721479267093	2
198	CAVDSGGSNYKLTF	2	12.63469409942627	156.2723388671875	141	21.38135084869168	169.41721479267093	2
199	CAVISGGSNYKLTF	2	12.452091217041016	156.57489013671875	141	21.38135084869168	169.41721479267093	2
200	CAVTSGGSNYKLTF	2	11.591365814208984	157.00677490234375	141	21.38135084869168	169.41721479267093	2
201	CAARSGGSNYKLTF	2	23.29642868041992	168.1872100830078	141	21.38135084869168	169.41721479267093	2
202	CATRSGGSNYKLTF	2	24.97126197814941	174.55508422851562	141	21.38135084869168	169.41721479267093	2
203	CAVRIGGSNYKLTF	2	17.5468807220459	159.1182098388672	141	21.38135084869168	169.41721479267093	2
204	CAVLSGGSNYKLTF	2	11.55844020843506	156.42660522460938	141	21.38135084869168	169.41721479267093	2
205	CAVRHGGSNYKLTF	2	17.337116241455078	158.97177124023438	141	21.38135084869168	169.41721479267093	2
206	CAVYSGGSNYKLTF	2	12.9238920211792	156.8618621826172	141	21.38135084869168	169.41721479267093	2
207	CAVRLGGSNYKLTF	2	17.56708335876465	158.7964630126953	141	21.38135084869168	169.41721479267093	2
208	CAVREGGSNYKLTF	2	17.25408172607422	159.5438232421875	141	21.38135084869168	169.41721479267093	2
209	CAVRVGGSNYKLTF	2	16.970829010009766	158.6936492919922	141	21.38135084869168	169.41721479267093	2
210	CAVRQGGSNYKLTF	2	16.988971710205078	158.43191528320312	141	21.38135084869168	169.41721479267093	2
211	CARRSGGSNYKLTF	2	22.21483612060547	168.67262268066406	141	21.38135084869168	169.41721479267093	2
212	CAVRDGGSNYKLTF	2	17.53774642944336	159.52833557128906	141	21.38135084869168	169.41721479267093	2
213	CAVRAGGSNYKLTF	2	16.856414794921875	159.4207000732422	141	21.38135084869168	169.41721479267093	2
214	CAVRYGGSNYKLTF	2	16.950607299804688	159.13951110839844	141	21.38135084869168	169.41721479267093	2
215	CAVRNGGSNYKLTF	2	17.837743759155273	159.3915557861328	141	21.38135084869168	169.41721479267093	2
216	CAMRSGGSNYKLTF	2	24.779584884643555	174.039306640625	141	21.38135084869168	169.41721479267093	2
217	CAYRSGGSNYKLTF	2	25.085458755493164	174.85255432128906	141	21.38135084869168	169.41721479267093	2
218	CAVGCGGSNYKLTF	2	15.58250617980957	159.75559997558594	141	21.38135084869168	169.41721479267093	2
219	CAVGRGGSNYKLTF	2	14.486306190490724	158.51211547851562	141	21.38135084869168	169.41721479267093	2
220	CAGGSGGSNYKLTF	2	34.10712432861328	191.76861572265625	141	21.38135084869168	169.41721479267093	2
221	CATGSGGSNYKLTF	2	25.359703063964844	177.38487243652344	141	21.38135084869168	169.41721479267093	2
222	CAAGSGGSNYKLTF	2	24.28700065612793	174.41909790039062	141	21.38135084869168	169.41721479267093	2
223	CAVGVGGSNYKLTF	2	14.977819442749023	158.56390380859375	141	21.38135084869168	169.41721479267093	2
224	CAVGAGGSNYKLTF	2	14.792139053344728	158.048095703125	141	21.38135084869168	169.41721479267093	2
225	CAVNCGGSNYKLTF	2	14.36220932006836	158.2051239013672	141	21.38135084869168	169.41721479267093	2
226	CAGNSGGSNYKLTF	2	32.72209167480469	190.27273559570312	141	21.38135084869168	169.41721479267093	2
227	CAVNRGGSNYKLTF	2	13.997391700744627	157.7748565673828	141	21.38135084869168	169.41721479267093	2
228	CATNSGGSNYKLTF	2	27.75627899169922	180.54161071777344	141	21.38135084869168	169.41721479267093	2
229	CAANSGGSNYKLTF	2	27.47052574157715	179.77996826171875	141	21.38135084869168	169.41721479267093	2
230	CAVNDGGSNYKLTF	2	13.820469856262209	157.185546875	141	21.38135084869168	169.41721479267093	2
231	CAVNYGGSNYKLTF	2	13.60929012298584	156.79052734375	141	21.38135084869168	169.41721479267093	2
232	CIVNSGGSNYKLTF	2	10.80217170715332	156.2303009033203	141	21.38135084869168	169.41721479267093	2
233	CAENSGGSNYKLTF	2	27.81183624267578	181.90921020507807	141	21.38135084869168	169.41721479267093	2
234	CAVNMGGSNYKLTF	2	13.38107204437256	157.0567626953125	141	21.38135084869168	169.41721479267093	2
235	CAVNKGGSNYKLTF	2	14.050664901733398	157.2145233154297	141	21.38135084869168	169.41721479267093	2
236	CAVNNGGSNYKLTF	2	13.193885803222656	157.1845703125	141	21.38135084869168	169.41721479267093	2
237	CAVNGGGSNYKLTF	2	14.396987915039062	157.1566925048828	141	21.38135084869168	169.41721479267093	2
238	CAVNLGGSNYKLTF	2	13.874707221984863	156.6507568359375	141	21.38135084869168	169.41721479267093	2
239	CADNSGGSNYKLTF	2	27.86875534057617	181.14987182617188	141	21.38135084869168	169.41721479267093	2
240	CGVNSGGSNYKLTF	2	10.622428894042969	155.78225708007812	141	21.38135084869168	169.41721479267093	2
241	CARNSGGSNYKLTF	2	28.360706329345703	181.2161865234375	141	21.38135084869168	169.41721479267093	2
242	CAVNSGRSNYKLTF	2	11.031529426574709	157.1280059814453	141	21.38135084869168	169.41721479267093	2
243	CAVNSGCSNYKLTF	2	10.5409517288208	156.74061584472656	141	21.38135084869168	169.41721479267093	2
244	CALNSGGSNYKLTF	2	28.27232551574707	181.6435394287109	141	21.38135084869168	169.41721479267093	2
245	CAYNSGGSNYKLTF	2	28.657859802246094	181.63818359375	141	21.38135084869168	169.41721479267093	2
246	CAVNSGSSNYKLTF	2	11.1212797164917	157.54702758789062	141	21.38135084869168	169.41721479267093	2
247	CAVNSGGSNYKLIF	2	12.16580867767334	155.6204833984375	141	21.38135084869168	169.41721479267093	2
248	CAVNSGGSNYKLSF	2	11.646467208862305	155.45196533203125	141	21.38135084869168	169.41721479267093	2
249	CAMNSGGSNYKLTF	2	27.861745834350582	181.551025390625	141	21.38135084869168	169.41721479267093	2
250	CVVNSGGSNYKLTF	2	11.036684036254885	156.09820556640625	141	21.38135084869168	169.41721479267093	2
251	CAGRRGGSNYKLTF	2	30.899938583374023	184.54644775390625	141	21.38135084869168	169.41721479267093	2
252	CAARRGGSNYKLTF	2	23.612510681152344	167.16404724121094	141	21.38135084869168	169.41721479267093	2
253	CAVERGGSNYKLTF	2	14.13515853881836	158.41165161132812	141	21.38135084869168	169.41721479267093	2
254	CAVARGGSNYKLTF	2	14.4359130859375	157.7852325439453	141	21.38135084869168	169.41721479267093	2
255	CAVSRGGSNYKLTF	2	14.08659839630127	158.8619384765625	141	21.38135084869168	169.41721479267093	2
256	CAFRRGGSNYKLTF	2	22.545991897583008	168.4503173828125	141	21.38135084869168	169.41721479267093	2
257	CAVYRGGSNYKLTF	2	13.878951072692873	158.48382568359375	141	21.38135084869168	169.41721479267093	2
258	CAVFRGGSNYKLTF	2	14.888238906860352	159.1192169189453	141	21.38135084869168	169.41721479267093	2
259	CAGESGGSNYKLTF	2	33.39398956298828	190.67140197753903	141	21.38135084869168	169.41721479267093	2
260	CAAESGGSNYKLTF	2	23.936376571655277	174.1253662109375	141	21.38135084869168	169.41721479267093	2
261	CAVEGGGSNYKLTF	2	15.241326332092283	157.61239624023438	141	21.38135084869168	169.41721479267093	2
262	CATESGGSNYKLTF	2	25.15936088562012	176.0948944091797	141	21.38135084869168	169.41721479267093	2
263	CADESGGSNYKLTF	2	24.522836685180664	175.97325134277344	141	21.38135084869168	169.41721479267093	2
264	CAGQSGGSNYKLTF	2	34.741249084472656	193.5408477783203	141	21.38135084869168	169.41721479267093	2
265	CAGSSGGSNYKLTF	2	35.83697509765625	195.35626220703125	141	21.38135084869168	169.41721479267093	2
266	CAVSCGGSNYKLTF	2	15.129878997802734	159.61036682128906	141	21.38135084869168	169.41721479267093	2
267	CAASSGGSNYKLTF	2	23.008203506469727	171.35836791992188	141	21.38135084869168	169.41721479267093	2
268	CIVSSGGSNYKLTF	2	11.871121406555176	157.10581970214844	141	21.38135084869168	169.41721479267093	2
269	CALSSGGSNYKLTF	2	23.69222068786621	174.89572143554688	141	21.38135084869168	169.41721479267093	2
270	CAVFCGGSNYKLTF	2	14.641980171203612	157.85092163085938	141	21.38135084869168	169.41721479267093	2
271	CAVDCGGSNYKLTF	2	15.316635131835938	158.72628784179688	141	21.38135084869168	169.41721479267093	2
272	CAGKSGGSNYKLTF	2	33.789852142333984	191.1862335205078	141	21.38135084869168	169.41721479267093	2
273	CAGVSGGSNYKLTF	2	34.911624908447266	193.85777282714844	141	21.38135084869168	169.41721479267093	2
274	CAGHSGGSNYKLTF	2	34.51337432861328	194.0865936279297	141	21.38135084869168	169.41721479267093	2
275	CAGRLGGSNYKLTF	2	26.609920501708984	175.61212158203125	141	21.38135084869168	169.41721479267093	2
276	CAGCSGGSNYKLTF	2	34.67282485961914	193.7771148681641	141	21.38135084869168	169.41721479267093	2
277	CAGLSGGSNYKLTF	2	35.4937744140625	193.6922912597656	141	21.38135084869168	169.41721479267093	2
278	CAGPSGGSNYKLTF	2	34.88174819946289	193.1031494140625	141	21.38135084869168	169.41721479267093	2
279	CAGISGGSNYKLTF	2	35.44611358642578	193.32394409179688	141	21.38135084869168	169.41721479267093	2
280	CAGTSGGSNYKLTF	2	35.10234832763672	193.55422973632807	141	21.38135084869168	169.41721479267093	2
281	CAGMSGGSNYKLTF	2	35.55276870727539	194.16665649414065	141	21.38135084869168	169.41721479267093	2
282	CAGFSGGSNYKLTF	2	35.22613525390625	194.55552673339844	141	21.38135084869168	169.41721479267093	2
283	CAGYSGGSNYKLTF	2	34.505821228027344	193.131103515625	141	21.38135084869168	169.41721479267093	2
284	CAGASGGSNYKLTF	2	34.68756484985352	192.7628936767578	141	21.38135084869168	169.41721479267093	2
285	CAANCGGSNYKLTF	2	20.63427734375	169.4712677001953	141	21.38135084869168	169.41721479267093	2
286	CAARIGGSNYKLTF	2	23.11349868774414	165.4085235595703	141	21.38135084869168	169.41721479267093	2
287	CAAREGGSNYKLTF	2	22.852996826171875	164.686279296875	141	21.38135084869168	169.41721479267093	2
288	CAARAGGSNYKLTF	2	22.352771759033203	165.03761291503906	141	21.38135084869168	169.41721479267093	2
289	CAARPGGSNYKLTF	2	22.967248916625977	165.7047119140625	141	21.38135084869168	169.41721479267093	2
290	CAARGGGSNYKLTF	2	22.18131256103516	164.82223510742188	141	21.38135084869168	169.41721479267093	2
291	CAARHGGSNYKLTF	2	23.211389541625977	164.67022705078125	141	21.38135084869168	169.41721479267093	2
292	CAARNGGSNYKLTF	2	22.634429931640625	164.51736450195312	141	21.38135084869168	169.41721479267093	2
293	CAARLGGSNYKLTF	2	22.87592315673828	166.10667419433594	141	21.38135084869168	169.41721479267093	2
294	CAARWGGSNYKLTF	2	23.15407371520996	165.30300903320312	141	21.38135084869168	169.41721479267093	2
295	CAARDGGSNYKLTF	2	22.613264083862305	165.27044677734375	141	21.38135084869168	169.41721479267093	2
296	CAASIGGSNYKLTF	2	23.07891082763672	168.5482635498047	141	21.38135084869168	169.41721479267093	2
297	CAEKSGGSNYKLTF	2	24.453548431396484	176.65200805664062	141	21.38135084869168	169.41721479267093	2
298	CAAKSGGSNYKLTF	2	24.49965476989746	174.6785125732422	141	21.38135084869168	169.41721479267093	2
299	CAVKGGGSNYKLTF	2	15.450682640075684	157.91259765625	141	21.38135084869168	169.41721479267093	2
300	CADKSGGSNYKLTF	2	24.866365432739254	176.2751922607422	141	21.38135084869168	169.41721479267093	2
301	CALRGGGSNYKLTF	2	20.376821517944336	162.68701171875	141	21.38135084869168	169.41721479267093	2
302	CAPRGGGSNYKLTF	2	19.97511863708496	162.8314208984375	141	21.38135084869168	169.41721479267093	2
303	CARRGGGSNYKLTF	2	20.59410285949707	163.809326171875	141	21.38135084869168	169.41721479267093	2
304	CAGHRGGSNYKLTF	2	33.12737274169922	191.2120361328125	141	21.38135084869168	169.41721479267093	2
305	CAGGRGGSNYKLTF	2	32.38679885864258	188.2755279541016	141	21.38135084869168	169.41721479267093	2
306	CAGERGGSNYKLTF	2	33.797454833984375	189.87429809570312	141	21.38135084869168	169.41721479267093	2
307	CAGTRGGSNYKLTF	2	33.05595397949219	190.1298370361328	141	21.38135084869168	169.41721479267093	2
308	CAGCRGGSNYKLTF	2	33.38637161254883	189.98751831054688	141	21.38135084869168	169.41721479267093	2
309	CAGVRGGSNYKLTF	2	34.09164810180664	190.51437377929688	141	21.38135084869168	169.41721479267093	2
310	CASGCGGSNYKLTF	2	22.644821166992188	172.3833770751953	141	21.38135084869168	169.41721479267093	2
311	CAGGCGGSNYKLTF	2	29.38866233825684	184.2610626220703	141	21.38135084869168	169.41721479267093	2
312	CATGRGGSNYKLTF	2	28.531177520751957	182.8192901611328	141	21.38135084869168	169.41721479267093	2
313	CAASGGGSNYKLTF	2	23.417312622070312	168.93405151367188	141	21.38135084869168	169.41721479267093	2
314	CAGSPGGSNYKLTF	2	36.59627151489258	196.8675994873047	141	21.38135084869168	169.41721479267093	2
315	CATGLGGSNYKLTF	2	26.94872283935547	180.3148498535156	141	21.38135084869168	169.41721479267093	2
316	CALSCGGSNYKLTF	2	19.378944396972656	167.3130645751953	141	21.38135084869168	169.41721479267093	2
317	CAESPGGSNYKLTF	2	36.9057502746582	198.20648193359372	141	21.38135084869168	169.41721479267093	2
318	CAAACGGSNYKLTF	2	20.22234344482422	169.9363250732422	141	21.38135084869168	169.41721479267093	2
319	CAFFRGGSNYKLTF	2	18.73882102966309	163.82908630371094	141	21.38135084869168	169.41721479267093	2
320	CAASTNSGGSNYKLTF	1	-39.06813430786133	-96.86019134521484	185	-24.398045662971768	-81.73667255092312	3
321	CAASSNSGGSNYKLTF	1	-39.26387023925781	-96.74905395507812	185	-24.398045662971768	-81.73667255092312	3
322	CAASNNSGGSNYKLTF	1	-40.34967803955078	-96.98788452148438	185	-24.398045662971768	-81.73667255092312	3
323	CAASRNSGGSNYKLTF	1	-39.18385314941406	-97.20418548583984	185	-24.398045662971768	-81.73667255092312	3
324	CAASANSGGSNYKLTF	1	-41.9744758605957	-97.74662017822266	185	-24.398045662971768	-81.73667255092312	3
325	CAASVNSGGSNYKLTF	1	-40.56342315673828	-97.16484832763672	185	-24.398045662971768	-81.73667255092312	3
326	CAASLNSGGSNYKLTF	1	-39.90582275390625	-97.30511474609376	185	-24.398045662971768	-81.73667255092312	3
327	CAASQNSGGSNYKLTF	1	-41.03742599487305	-96.90184783935548	185	-24.398045662971768	-81.73667255092312	3
328	CAASDNSGGSNYKLTF	1	-39.74685287475586	-97.08128356933594	185	-24.398045662971768	-81.73667255092312	3
329	CAASWNSGGSNYKLTF	1	-38.57728958129883	-96.55158996582033	185	-24.398045662971768	-81.73667255092312	3
330	CAASPNSGGSNYKLTF	1	-38.20441818237305	-96.20089721679688	185	-24.398045662971768	-81.73667255092312	3
331	CAASKNSGGSNYKLTF	1	-38.407325744628906	-96.85260772705078	185	-24.398045662971768	-81.73667255092312	3
332	CAASMNSGGSNYKLTF	1	-40.93233489990234	-96.60833740234376	185	-24.398045662971768	-81.73667255092312	3
333	CAASFNSGGSNYKLTF	1	-39.634010314941406	-96.68695831298828	185	-24.398045662971768	-81.73667255092312	3
334	CAASENSGGSNYKLTF	1	-40.08511734008789	-96.65856170654295	185	-24.398045662971768	-81.73667255092312	3
335	CAASGNSGGSNYKLTF	1	-37.7790412902832	-96.27937316894533	185	-24.398045662971768	-81.73667255092312	3
336	CAVSTNSGGSNYKLTF	1	-20.260202407836918	-90.03958129882812	185	-24.398045662971768	-81.73667255092312	3
337	CAVSSNSGGSNYKLTF	1	-20.17007827758789	-90.53064727783205	185	-24.398045662971768	-81.73667255092312	3
338	CAARSNSGGSNYKLTF	1	-16.005462646484375	-89.81187438964844	185	-24.398045662971768	-81.73667255092312	3
339	CAASSRSGGSNYKLTF	1	-42.81379318237305	-98.02555847167967	185	-24.398045662971768	-81.73667255092312	3
340	CAASNKSGGSNYKLTF	1	-44.0996208190918	-97.981201171875	185	-24.398045662971768	-81.73667255092312	3
341	CAASNDSGGSNYKLTF	1	-45.501914978027344	-97.64305877685548	185	-24.398045662971768	-81.73667255092312	3
342	CAVEINSGGSNYKLTF	1	-2.3150012493133545	-83.0679931640625	185	-24.398045662971768	-81.73667255092312	3
343	CAVEENSGGSNYKLTF	1	-4.861539363861084	-84.36396026611328	185	-24.398045662971768	-81.73667255092312	3
344	CAVELNSGGSNYKLTF	1	-3.883178234100342	-84.01625061035156	185	-24.398045662971768	-81.73667255092312	3
345	CAVEGNSGGSNYKLTF	1	-3.103297472000122	-83.70829010009766	185	-24.398045662971768	-81.73667255092312	3
346	CAVRINSGGSNYKLTF	1	-0.0872339382767677	-84.95294189453125	185	-24.398045662971768	-81.73667255092312	3
347	CAVENNSGGSNYKLTF	1	-2.2941174507141118	-82.62031555175781	185	-24.398045662971768	-81.73667255092312	3
348	CAVEPNSGGSNYKLTF	1	-2.659240245819092	-83.30409240722656	185	-24.398045662971768	-81.73667255092312	3
349	CAVEKNSGGSNYKLTF	1	-2.5617892742156982	-82.90177917480469	185	-24.398045662971768	-81.73667255092312	3
350	CAVERNSGGSNYKLTF	1	-2.433075428009033	-82.52007293701172	185	-24.398045662971768	-81.73667255092312	3
351	CAVEANSGGSNYKLTF	1	-2.064046859741211	-83.08824920654297	185	-24.398045662971768	-81.73667255092312	3
352	CAVAINSGGSNYKLTF	1	-4.473478317260742	-84.88786315917969	185	-24.398045662971768	-81.73667255092312	3
353	CAVEVNSGGSNYKLTF	1	-2.5035903453826904	-83.88185119628906	185	-24.398045662971768	-81.73667255092312	3
354	CATEINSGGSNYKLTF	1	-1.2373377084732056	-82.40708923339844	185	-24.398045662971768	-81.73667255092312	3
355	CAMSRNSGGSNYKLTF	1	-32.766300201416016	-94.35247802734376	185	-24.398045662971768	-81.73667255092312	3
356	CAVSRNSGGSNYKLTF	1	-22.89902114868164	-90.86199188232422	185	-24.398045662971768	-81.73667255092312	3
357	CAASRDSGGSNYKLTF	1	-45.6251335144043	-97.3493423461914	185	-24.398045662971768	-81.73667255092312	3
358	CIVRANSGGSNYKLTF	1	24.317045211791992	-87.21387481689453	185	-24.398045662971768	-81.73667255092312	3
359	CIVRVNSGGSNYKLTF	1	44.292274475097656	-94.1897201538086	185	-24.398045662971768	-81.73667255092312	3
360	CIVRINSGGSNYKLTF	1	23.735515594482425	-88.73108673095703	185	-24.398045662971768	-81.73667255092312	3
361	CIVRLNSGGSNYKLTF	1	24.767757415771484	-87.85040283203125	185	-24.398045662971768	-81.73667255092312	3
362	CILRANSGGSNYKLTF	1	26.199865341186523	-84.56855010986328	185	-24.398045662971768	-81.73667255092312	3
363	CIVRDNSGGSNYKLTF	1	24.6102237701416	-88.1630630493164	185	-24.398045662971768	-81.73667255092312	3
364	CAVRANSGGSNYKLTF	1	-0.6692010760307312	-84.84534454345703	185	-24.398045662971768	-81.73667255092312	3
365	CAASACSGGSNYKLTF	1	-45.81891250610352	-99.39781188964844	185	-24.398045662971768	-81.73667255092312	3
366	CAMSANSGGSNYKLTF	1	-35.74100112915039	-95.06745147705078	185	-24.398045662971768	-81.73667255092312	3
367	CAASADSGGSNYKLTF	1	-45.14885330200195	-98.75924682617188	185	-24.398045662971768	-81.73667255092312	3
368	CAASARSGGSNYKLTF	1	-44.07139205932617	-98.70148468017578	185	-24.398045662971768	-81.73667255092312	3
369	CAASAISGGSNYKLTF	1	-45.49518203735352	-99.81057739257812	185	-24.398045662971768	-81.73667255092312	3
370	CAASAWSGGSNYKLTF	1	-45.157623291015625	-99.19642639160156	185	-24.398045662971768	-81.73667255092312	3
371	CAASANRGGSNYKLTF	1	-42.35889434814453	-97.91822052001952	185	-24.398045662971768	-81.73667255092312	3
372	CAASAGSGGSNYKLTF	1	-45.647003173828125	-99.01966857910156	185	-24.398045662971768	-81.73667255092312	3
373	CAASALSGGSNYKLTF	1	-45.29620361328125	-99.55825805664062	185	-24.398045662971768	-81.73667255092312	3
374	CAASAYSGGSNYKLTF	1	-45.97721481323242	-99.74655151367188	185	-24.398045662971768	-81.73667255092312	3
375	CAASAESGGSNYKLTF	1	-45.46297454833984	-98.62242126464844	185	-24.398045662971768	-81.73667255092312	3
376	CAASAHSGGSNYKLTF	1	-44.458831787109375	-99.19339752197266	185	-24.398045662971768	-81.73667255092312	3
377	CAASAASGGSNYKLTF	1	-45.09258270263672	-99.0167999267578	185	-24.398045662971768	-81.73667255092312	3
378	CAASASSGGSNYKLTF	1	-45.35176849365234	-98.6226577758789	185	-24.398045662971768	-81.73667255092312	3
379	CAASANSGDSNYKLTF	1	-43.25032043457031	-97.66524505615234	185	-24.398045662971768	-81.73667255092312	3
380	CAVRENSGGSNYKLTF	1	-3.3446977138519287	-84.92359924316406	185	-24.398045662971768	-81.73667255092312	3
381	CAVSENSGGSNYKLTF	1	-15.454263687133787	-88.2394790649414	185	-24.398045662971768	-81.73667255092312	3
382	CAARENSGGSNYKLTF	1	-8.646344184875488	-87.5635986328125	185	-24.398045662971768	-81.73667255092312	3
383	CAVAENSGGSNYKLTF	1	-6.776649951934815	-85.09844970703125	185	-24.398045662971768	-81.73667255092312	3
384	CAVRLNSGGSNYKLTF	1	-1.879550099372864	-85.51788330078125	185	-24.398045662971768	-81.73667255092312	3
385	CAVRRNSGGSNYKLTF	1	-1.6917110681533811	-84.39573669433594	185	-24.398045662971768	-81.73667255092312	3
386	CAVRSNSGGSNYKLTF	1	-4.151056289672852	-85.593017578125	185	-24.398045662971768	-81.73667255092312	3
387	CAVGENSGGSNYKLTF	1	-6.216346740722656	-84.99837493896484	185	-24.398045662971768	-81.73667255092312	3
388	CALRENSGGSNYKLTF	1	4.946951389312744	-85.12953186035156	185	-24.398045662971768	-81.73667255092312	3
389	CAVKENSGGSNYKLTF	1	-6.914875030517578	-84.63895416259766	185	-24.398045662971768	-81.73667255092312	3
390	CAVRKNSGGSNYKLTF	1	-2.4150919914245605	-85.0012435913086	185	-24.398045662971768	-81.73667255092312	3
391	CAVRVNSGGSNYKLTF	1	-2.77276349067688	-84.99308013916016	185	-24.398045662971768	-81.73667255092312	3
392	CAVVENSGGSNYKLTF	1	-7.27644681930542	-85.51957702636719	185	-24.398045662971768	-81.73667255092312	3
393	CAVRTNSGGSNYKLTF	1	-2.472522020339966	-85.38844299316406	185	-24.398045662971768	-81.73667255092312	3
394	CAVRGNSGGSNYKLTF	1	-3.974807977676392	-85.1853256225586	185	-24.398045662971768	-81.73667255092312	3
395	CAVRDNSGGSNYKLTF	1	-0.3140043914318084	-85.27239990234375	185	-24.398045662971768	-81.73667255092312	3
396	CAYRENSGGSNYKLTF	1	-0.7357836365699768	-84.42216491699219	185	-24.398045662971768	-81.73667255092312	3
397	CAVRFNSGGSNYKLTF	1	-1.9312657117843628	-85.02228546142578	185	-24.398045662971768	-81.73667255092312	3
398	CAVTENSGGSNYKLTF	1	-6.78935432434082	-85.65841674804688	185	-24.398045662971768	-81.73667255092312	3
399	CAVRPNSGGSNYKLTF	1	-2.229330539703369	-84.80574035644531	185	-24.398045662971768	-81.73667255092312	3
400	CAVRCNSGGSNYKLTF	1	-2.2483134269714355	-84.52938842773438	185	-24.398045662971768	-81.73667255092312	3
401	CAARVNSGGSNYKLTF	1	-15.661088943481444	-90.0857925415039	185	-24.398045662971768	-81.73667255092312	3
402	CAASVRSGGSNYKLTF	1	-43.69477462768555	-98.53751373291016	185	-24.398045662971768	-81.73667255092312	3
403	CAASVDSGGSNYKLTF	1	-45.46657943725586	-98.127685546875	185	-24.398045662971768	-81.73667255092312	3
404	CAASVCSGGSNYKLTF	1	-44.0088996887207	-99.4888153076172	185	-24.398045662971768	-81.73667255092312	3
405	CAVSECSGGSNYKLTF	1	-21.053661346435547	-90.5771484375	185	-24.398045662971768	-81.73667255092312	3
406	CAVSWNSGGSNYKLTF	1	-20.86765480041504	-90.36888122558594	185	-24.398045662971768	-81.73667255092312	3
407	CVVSENSGGSNYKLTF	1	-19.35821533203125	-89.44768524169922	185	-24.398045662971768	-81.73667255092312	3
408	CAVSGNSGGSNYKLTF	1	-19.498010635375977	-89.98185729980469	185	-24.398045662971768	-81.73667255092312	3
409	CAVSKNSGGSNYKLTF	1	-20.29255104064941	-89.79972076416016	185	-24.398045662971768	-81.73667255092312	3
410	CAVSLNSGGSNYKLTF	1	-16.833627700805664	-89.00064849853516	185	-24.398045662971768	-81.73667255092312	3
411	CAVSEHSGGSNYKLTF	1	-22.45744132995605	-91.12120056152344	185	-24.398045662971768	-81.73667255092312	3
412	CAVSPNSGGSNYKLTF	1	-23.07867431640625	-90.64573669433594	185	-24.398045662971768	-81.73667255092312	3
413	CAVSQNSGGSNYKLTF	1	-22.040321350097656	-90.66730499267578	185	-24.398045662971768	-81.73667255092312	3
414	CAVSERSGGSNYKLTF	1	-22.05162811279297	-91.34700775146484	185	-24.398045662971768	-81.73667255092312	3
415	CAASLCSGGSNYKLTF	1	-43.783817291259766	-98.1702117919922	185	-24.398045662971768	-81.73667255092312	3
416	CIVRVDSGGSNYKLTF	1	53.12442398071289	-97.31517028808594	185	-24.398045662971768	-81.73667255092312	3
417	CIVRVASGGSNYKLTF	1	55.21764373779297	-97.87149047851562	185	-24.398045662971768	-81.73667255092312	3
418	CIVRVLSGGSNYKLTF	1	52.39004898071289	-96.77645111083984	185	-24.398045662971768	-81.73667255092312	3
419	CIVRVFSGGSNYKLTF	1	52.24943923950195	-97.1047821044922	185	-24.398045662971768	-81.73667255092312	3
420	CIVRVVSGGSNYKLTF	1	52.65382385253906	-97.41612243652344	185	-24.398045662971768	-81.73667255092312	3
421	CIVRVYSGGSNYKLTF	1	53.020416259765625	-96.82239532470705	185	-24.398045662971768	-81.73667255092312	3
422	CIVRVRSGGSNYKLTF	1	52.72737503051758	-96.4899673461914	185	-24.398045662971768	-81.73667255092312	3
423	CIVRVESGGSNYKLTF	1	52.706581115722656	-97.81707763671876	185	-24.398045662971768	-81.73667255092312	3
424	CIVRKDSGGSNYKLTF	1	54.26106262207031	-98.06986236572266	185	-24.398045662971768	-81.73667255092312	3
425	CIVRPDSGGSNYKLTF	1	53.89073944091797	-98.1304931640625	185	-24.398045662971768	-81.73667255092312	3
426	CIVRVGSGGSNYKLTF	1	52.9774169921875	-97.90837860107422	185	-24.398045662971768	-81.73667255092312	3
427	CIVRVSSGGSNYKLTF	1	53.73240661621094	-97.11299896240234	185	-24.398045662971768	-81.73667255092312	3
428	CAASQKSGGSNYKLTF	1	-43.96764373779297	-97.25920104980467	185	-24.398045662971768	-81.73667255092312	3
429	CAASQDSGGSNYKLTF	1	-45.14996337890625	-97.74413299560548	185	-24.398045662971768	-81.73667255092312	3
430	CATDANSGGSNYKLTF	1	-123.1134262084961	-24.884845733642575	185	-24.398045662971768	-81.73667255092312	3
431	CATDAGSGGSNYKLTF	1	-123.38711547851562	-25.01055335998535	185	-24.398045662971768	-81.73667255092312	3
432	CATDQNSGGSNYKLTF	1	-121.72466278076172	-24.56271171569824	185	-24.398045662971768	-81.73667255092312	3
433	CATDARSGGSNYKLTF	1	-123.1141128540039	-25.574138641357425	185	-24.398045662971768	-81.73667255092312	3
434	CATDVNSGGSNYKLTF	1	-121.87847900390624	-24.76656723022461	185	-24.398045662971768	-81.73667255092312	3
435	CATDAYSGGSNYKLTF	1	-123.61424255371094	-25.1145133972168	185	-24.398045662971768	-81.73667255092312	3
436	CATDADSGGSNYKLTF	1	-123.4149169921875	-24.630895614624023	185	-24.398045662971768	-81.73667255092312	3
437	CATDAVSGGSNYKLTF	1	-123.17697143554688	-24.35624313354492	185	-24.398045662971768	-81.73667255092312	3
438	CATDAWSGGSNYKLTF	1	-123.18313598632812	-24.259300231933597	185	-24.398045662971768	-81.73667255092312	3
439	CATDDNSGGSNYKLTF	1	-122.14691162109376	-25.089807510375977	185	-24.398045662971768	-81.73667255092312	3
440	CATDTNSGGSNYKLTF	1	-122.159912109375	-24.81035804748535	185	-24.398045662971768	-81.73667255092312	3
441	CATDGNSGGSNYKLTF	1	-121.69774627685548	-25.02331924438477	185	-24.398045662971768	-81.73667255092312	3
442	CATDAFSGGSNYKLTF	1	-122.87672424316406	-25.14222526550293	185	-24.398045662971768	-81.73667255092312	3
443	CATDHNSGGSNYKLTF	1	-121.9902572631836	-25.44203758239746	185	-24.398045662971768	-81.73667255092312	3
444	CATDATSGGSNYKLTF	1	-122.92800903320312	-24.091432571411133	185	-24.398045662971768	-81.73667255092312	3
445	CATDACSGGSNYKLTF	1	-123.1699447631836	-25.05924415588379	185	-24.398045662971768	-81.73667255092312	3
446	CATDRNSGGSNYKLTF	1	-122.4028091430664	-24.744483947753903	185	-24.398045662971768	-81.73667255092312	3
447	CATAANSGGSNYKLTF	1	-122.6029815673828	-26.35033798217773	185	-24.398045662971768	-81.73667255092312	3
448	CATDAESGGSNYKLTF	1	-123.83265686035156	-24.82571029663086	185	-24.398045662971768	-81.73667255092312	3
449	CATDSNSGGSNYKLTF	1	-121.43177032470705	-24.739479064941406	185	-24.398045662971768	-81.73667255092312	3
450	CAARPNSGGSNYKLTF	1	-12.936841011047363	-89.06562042236328	185	-24.398045662971768	-81.73667255092312	3
451	CAARGNSGGSNYKLTF	1	-15.892704010009766	-89.3945083618164	185	-24.398045662971768	-81.73667255092312	3
452	CIVRVARGGSNYKLTF	1	58.92914962768555	-100.36238098144533	185	-24.398045662971768	-81.73667255092312	3
453	CIVRVAGGGSNYKLTF	1	59.99830627441406	-100.68107604980467	185	-24.398045662971768	-81.73667255092312	3
454	CIVRVAWGGSNYKLTF	1	58.72356414794922	-99.4993667602539	185	-24.398045662971768	-81.73667255092312	3
455	CIVRVACGGSNYKLTF	1	59.61008071899414	-100.09089660644533	185	-24.398045662971768	-81.73667255092312	3
456	CIVRVANGGSNYKLTF	1	59.15935516357422	-99.45679473876952	185	-24.398045662971768	-81.73667255092312	3
457	CAMSPNSGGSNYKLTF	1	-32.35466384887695	-93.90607452392578	185	-24.398045662971768	-81.73667255092312	3
458	CALSPNSGGSNYKLTF	1	-30.873550415039062	-93.56240844726562	185	-24.398045662971768	-81.73667255092312	3
459	CAVAWNSGGSNYKLTF	1	-8.55129337310791	-85.844482421875	185	-24.398045662971768	-81.73667255092312	3
460	CAVALNSGGSNYKLTF	1	-6.423990726470947	-85.45597839355469	185	-24.398045662971768	-81.73667255092312	3
461	CAVAANSGGSNYKLTF	1	-4.352381706237793	-84.38740539550781	185	-24.398045662971768	-81.73667255092312	3
462	CILRVNSGGSNYKLTF	1	28.08482551574707	-85.60506439208984	185	-24.398045662971768	-81.73667255092312	3
463	CAVGLNSGGSNYKLTF	1	-6.479983806610107	-85.06976318359375	185	-24.398045662971768	-81.73667255092312	3
464	CATDEGSGGSNYKLTF	1	-122.6059112548828	-24.318849563598636	185	-24.398045662971768	-81.73667255092312	3
465	CATDDGSGGSNYKLTF	1	-122.78087615966795	-24.945995330810547	185	-24.398045662971768	-81.73667255092312	3
466	CATDHGSGGSNYKLTF	1	-122.61700439453124	-24.7376708984375	185	-24.398045662971768	-81.73667255092312	3
467	CAVSRCSGGSNYKLTF	1	-23.51405334472656	-91.1316375732422	185	-24.398045662971768	-81.73667255092312	3
468	CALSGNSGGSNYKLTF	1	-29.637001037597656	-93.17423248291016	185	-24.398045662971768	-81.73667255092312	3
469	CILRLNSGGSNYKLTF	1	26.679479598999023	-85.26081085205078	185	-24.398045662971768	-81.73667255092312	3
470	CILRDNSGGSNYKLTF	1	26.53950881958008	-84.76053619384766	185	-24.398045662971768	-81.73667255092312	3
471	CILRTNSGGSNYKLTF	1	24.414066314697266	-84.45660400390625	185	-24.398045662971768	-81.73667255092312	3
472	CILRPNSGGSNYKLTF	1	24.78510284423828	-85.15318298339844	185	-24.398045662971768	-81.73667255092312	3
473	CILRKNSGGSNYKLTF	1	25.14398765563965	-84.49942779541016	185	-24.398045662971768	-81.73667255092312	3
474	CILRENSGGSNYKLTF	1	24.66863250732422	-84.45829010009766	185	-24.398045662971768	-81.73667255092312	3
475	CILRRNSGGSNYKLTF	1	26.75740623474121	-84.34400177001953	185	-24.398045662971768	-81.73667255092312	3
476	CAVSRHSGGSNYKLTF	1	-25.25724029541016	-91.7159652709961	185	-24.398045662971768	-81.73667255092312	3
477	CAYRRNSGGSNYKLTF	1	0.2641858458518982	-84.44317626953125	185	-24.398045662971768	-81.73667255092312	3
478	CAVGANSGGSNYKLTF	1	-4.156092166900635	-83.88105773925781	185	-24.398045662971768	-81.73667255092312	3
479	CAVGGNSGGSNYKLTF	1	-7.331246852874756	-85.11880493164062	185	-24.398045662971768	-81.73667255092312	3
480	CALRTNSGGSNYKLTF	1	8.240748405456543	-85.0965576171875	185	-24.398045662971768	-81.73667255092312	3
481	CALRKNSGGSNYKLTF	1	7.893110275268555	-85.03534698486328	185	-24.398045662971768	-81.73667255092312	3
482	CALRPNSGGSNYKLTF	1	5.50095272064209	-85.35551452636719	185	-24.398045662971768	-81.73667255092312	3
483	CALRINSGGSNYKLTF	1	5.710701942443848	-84.85774230957031	185	-24.398045662971768	-81.73667255092312	3
484	CAVSAHSGGSNYKLTF	1	-30.624696731567383	-94.2824478149414	185	-24.398045662971768	-81.73667255092312	3
485	CVVSKNSGGSNYKLTF	1	-19.41301727294922	-89.70013427734375	185	-24.398045662971768	-81.73667255092312	3
486	CVVSANSGGSNYKLTF	1	-20.514423370361328	-90.42630004882812	185	-24.398045662971768	-81.73667255092312	3
487	CVVSGNSGGSNYKLTF	1	-19.832298278808597	-89.86840057373047	185	-24.398045662971768	-81.73667255092312	3
488	CVVSLNSGGSNYKLTF	1	-19.04385757446289	-89.44325256347656	185	-24.398045662971768	-81.73667255092312	3
489	CVVSPNSGGSNYKLTF	1	-20.03852653503418	-89.5245132446289	185	-24.398045662971768	-81.73667255092312	3
490	CVVSTNSGGSNYKLTF	1	-19.941207885742188	-89.90625762939453	185	-24.398045662971768	-81.73667255092312	3
491	CVVSEDSGGSNYKLTF	1	-19.29253387451172	-88.84386444091797	185	-24.398045662971768	-81.73667255092312	3
492	CILRALSGGSNYKLTF	1	27.82812118530273	-84.44156646728516	185	-24.398045662971768	-81.73667255092312	3
493	CAVSARSGGSNYKLTF	1	-30.10012435913086	-94.11869049072266	185	-24.398045662971768	-81.73667255092312	3
494	CATAPNSGGSNYKLTF	1	-122.61868286132812	-26.807519912719727	185	-24.398045662971768	-81.73667255092312	3
495	CATDAVGGGSNYKLTF	1	-123.8058853149414	-23.97674560546875	185	-24.398045662971768	-81.73667255092312	3
496	CATDDVSGGSNYKLTF	1	-122.9172592163086	-25.61039352416992	185	-24.398045662971768	-81.73667255092312	3
497	CVVSARSGGSNYKLTF	1	-24.16974639892578	-92.09242248535156	185	-24.398045662971768	-81.73667255092312	3
498	CVVSAASGGSNYKLTF	1	-22.551319122314453	-91.48585510253906	185	-24.398045662971768	-81.73667255092312	3
499	CVVSACSGGSNYKLTF	1	-22.788402557373047	-91.10089874267578	185	-24.398045662971768	-81.73667255092312	3
500	CAVGAESGGSNYKLTF	1	-3.641924142837525	-82.98714447021484	185	-24.398045662971768	-81.73667255092312	3
501	CAYRRSSGGSNYKLTF	1	0.9295365810394288	-84.28520202636719	185	-24.398045662971768	-81.73667255092312	3
502	CAYRRASGGSNYKLTF	1	0.7197089791297913	-84.72459411621094	185	-24.398045662971768	-81.73667255092312	3
503	CAVGLDSGGSNYKLTF	1	-5.848430633544922	-84.4092025756836	185	-24.398045662971768	-81.73667255092312	3
504	CAVGGKSGGSNYKLTF	1	-7.456814765930176	-84.52706146240234	185	-24.398045662971768	-81.73667255092312	3
505	CAADPQGGSEKLVF	5	141.33050537109375	165.59959411621094	116	133.23450269370244	149.46846159573258	4
506	CAAYPQGGSEKLVF	5	138.90945434570312	167.63064575195312	116	133.23450269370244	149.46846159573258	4
507	CAAPPQGGSEKLVF	5	139.8334197998047	166.84730529785156	116	133.23450269370244	149.46846159573258	4
508	CAAVPQGGSEKLVF	5	139.30227661132812	166.65219116210938	116	133.23450269370244	149.46846159573258	4
509	CAARPQGGSEKLVF	5	140.39987182617188	165.92999267578125	116	133.23450269370244	149.46846159573258	4
510	CAADTQGGSEKLVF	5	155.03424072265625	158.52978515625	116	133.23450269370244	149.46846159573258	4
511	CATDPQGGSEKLVF	5	149.53970336914062	162.39634704589844	116	133.23450269370244	149.46846159573258	4
512	CAALPQGGSEKLVF	5	139.33131408691406	167.42019653320312	116	133.23450269370244	149.46846159573258	4
513	CAAGPQGGSEKLVF	5	139.6758270263672	166.37139892578125	116	133.23450269370244	149.46846159573258	4
514	CAATPQGGSEKLVF	5	139.4193878173828	166.4444580078125	116	133.23450269370244	149.46846159573258	4
515	CAVDPQGGSEKLVF	5	146.68609619140625	161.2681121826172	116	133.23450269370244	149.46846159573258	4
516	CAADSQGGSEKLVF	5	148.0480194091797	160.98536682128906	116	133.23450269370244	149.46846159573258	4
517	CAASPQGGSEKLVF	5	140.14756774902344	166.284423828125	116	133.23450269370244	149.46846159573258	4
518	CAANPQGGSEKLVF	5	138.8907470703125	166.64244079589844	116	133.23450269370244	149.46846159573258	4
519	CAAAPQGGSEKLVF	5	138.59127807617188	167.6200408935547	116	133.23450269370244	149.46846159573258	4
520	CATVTQGGSEKLVF	5	154.3944091796875	158.53109741210938	116	133.23450269370244	149.46846159573258	4
521	CAGVTQGGSEKLVF	5	156.96868896484375	157.47454833984375	116	133.23450269370244	149.46846159573258	4
522	CATDTQGGSEKLVF	5	152.44403076171875	160.4527587890625	116	133.23450269370244	149.46846159573258	4
523	CAAVTQGGSEKLVF	5	155.7001495361328	158.25965881347656	116	133.23450269370244	149.46846159573258	4
524	CAVVTQGGSEKLVF	5	153.60130310058594	157.77880859375	116	133.23450269370244	149.46846159573258	4
525	CAMVTQGGSEKLVF	5	155.09141540527344	157.7787628173828	116	133.23450269370244	149.46846159573258	4
526	CATITQGGSEKLVF	5	154.34507751464844	159.2365264892578	116	133.23450269370244	149.46846159573258	4
527	CATRTQGGSEKLVF	5	153.94192504882812	158.9919891357422	116	133.23450269370244	149.46846159573258	4
528	CAHVTQGGSEKLVF	5	155.34994506835938	157.23861694335938	116	133.23450269370244	149.46846159573258	4
529	CATATQGGSEKLVF	5	153.86671447753906	159.37103271484375	116	133.23450269370244	149.46846159573258	4
530	CATGTQGGSEKLVF	5	153.31881713867188	160.14991760253906	116	133.23450269370244	149.46846159573258	4
531	CAVPPQGGSEKLVF	5	144.7707977294922	161.8554229736328	116	133.23450269370244	149.46846159573258	4
532	CATGNQGGSEKLVF	5	151.51048278808594	161.5531005859375	116	133.23450269370244	149.46846159573258	4
533	CATGPQGGSEKLVF	5	148.59347534179688	162.615234375	116	133.23450269370244	149.46846159573258	4
534	CATDNQGGSEKLVF	5	150.99864196777344	161.63699340820312	116	133.23450269370244	149.46846159573258	4
535	CATANQGGSEKLVF	5	152.1382293701172	160.92974853515625	116	133.23450269370244	149.46846159573258	4
536	CILRSQGGSEKLVF	5	37.078392028808594	91.302978515625	116	133.23450269370244	149.46846159573258	4
537	CILRSHGGSEKLVF	5	36.1783447265625	91.13394927978516	116	133.23450269370244	149.46846159573258	4
538	CILRDQGGSEKLVF	5	36.77894592285156	90.87936401367188	116	133.23450269370244	149.46846159573258	4
539	CILRVQGGSEKLVF	5	37.57557678222656	91.37889862060548	116	133.23450269370244	149.46846159573258	4
540	CILRFQGGSEKLVF	5	36.81922912597656	92.24241638183594	116	133.23450269370244	149.46846159573258	4
541	CILRGQGGSEKLVF	5	37.28437423706055	91.82775115966795	116	133.23450269370244	149.46846159573258	4
542	CILRHQGGSEKLVF	5	37.3017463684082	92.09493255615234	116	133.23450269370244	149.46846159573258	4
543	CIVRSQGGSEKLVF	5	140.54360961914062	151.68975830078125	116	133.23450269370244	149.46846159573258	4
544	CILRLQGGSEKLVF	5	36.89936828613281	91.62224578857422	116	133.23450269370244	149.46846159573258	4
545	CILRTQGGSEKLVF	5	36.79457092285156	91.9599609375	116	133.23450269370244	149.46846159573258	4
546	CILRSEGGSEKLVF	5	36.33452606201172	90.4866180419922	116	133.23450269370244	149.46846159573258	4
547	CILRRQGGSEKLVF	5	37.43479919433594	91.00540161132812	116	133.23450269370244	149.46846159573258	4
548	CAGTTQGGSEKLVF	5	157.42311096191406	157.35498046875	116	133.23450269370244	149.46846159573258	4
549	CAGHTQGGSEKLVF	5	157.44190979003906	157.9680938720703	116	133.23450269370244	149.46846159573258	4
550	CAGRTQGGSEKLVF	5	156.3535919189453	157.6874542236328	116	133.23450269370244	149.46846159573258	4
551	CAGPTQGGSEKLVF	5	157.4542694091797	157.72193908691406	116	133.23450269370244	149.46846159573258	4
552	CAGMTQGGSEKLVF	5	156.96151733398438	157.7127227783203	116	133.23450269370244	149.46846159573258	4
553	CAGFTQGGSEKLVF	5	157.67654418945312	158.30177307128906	116	133.23450269370244	149.46846159573258	4
554	CAGITQGGSEKLVF	5	156.63479614257812	157.63014221191406	116	133.23450269370244	149.46846159573258	4
555	CAGKTQGGSEKLVF	5	157.39151000976562	158.1870574951172	116	133.23450269370244	149.46846159573258	4
556	CAARTQGGSEKLVF	5	155.5516815185547	158.14617919921875	116	133.23450269370244	149.46846159573258	4
557	CAARSQGGSEKLVF	5	147.74984741210938	160.55625915527344	116	133.23450269370244	149.46846159573258	4
558	CAVRPQGGSEKLVF	5	144.72756958007812	159.98654174804688	116	133.23450269370244	149.46846159573258	4
559	CAVSSQGGSEKLVF	5	147.9709930419922	159.11705017089844	116	133.23450269370244	149.46846159573258	4
560	CAVRSQGGSEKLVF	5	146.77105712890625	158.1502227783203	116	133.23450269370244	149.46846159573258	4
561	CAVDSQGGSEKLVF	5	148.34951782226562	159.51385498046875	116	133.23450269370244	149.46846159573258	4
562	CAVSPQGGSEKLVF	5	146.0427703857422	161.00941467285156	116	133.23450269370244	149.46846159573258	4
563	CAVSTQGGSEKLVF	5	151.92092895507812	158.38221740722656	116	133.23450269370244	149.46846159573258	4
564	CAVGSQGGSEKLVF	5	147.4390869140625	158.82191467285156	116	133.23450269370244	149.46846159573258	4
565	CATDAQGGSEKLVF	5	150.91627502441406	162.13185119628906	116	133.23450269370244	149.46846159573258	4
566	CAVDTQGGSEKLVF	5	152.00611877441406	159.02691650390625	116	133.23450269370244	149.46846159573258	4
567	CATDQQGGSEKLVF	5	151.47821044921875	162.19631958007812	116	133.23450269370244	149.46846159573258	4
568	CATDGQGGSEKLVF	5	150.47793579101562	161.56402587890625	116	133.23450269370244	149.46846159573258	4
569	CATDRQGGSEKLVF	5	150.6005096435547	162.11634826660156	116	133.23450269370244	149.46846159573258	4
570	CATDTQSGSEKLVF	5	152.57333374023438	160.26771545410156	116	133.23450269370244	149.46846159573258	4
571	CAAITQGGSEKLVF	5	156.17979431152344	158.38836669921875	116	133.23450269370244	149.46846159573258	4
572	CAAFTQGGSEKLVF	5	156.68319702148438	158.42247009277344	116	133.23450269370244	149.46846159573258	4
573	CAATTQGGSEKLVF	5	155.69989013671875	158.38356018066406	116	133.23450269370244	149.46846159573258	4
574	CAAHTQGGSEKLVF	5	156.60989379882812	157.96006774902344	116	133.23450269370244	149.46846159573258	4
575	CAASTQGGSEKLVF	5	156.1908721923828	157.37718200683594	116	133.23450269370244	149.46846159573258	4
576	CAACTQGGSEKLVF	5	155.9866485595703	158.0717010498047	116	133.23450269370244	149.46846159573258	4
577	CAAGTQGGSEKLVF	5	156.51138305664062	158.70156860351562	116	133.23450269370244	149.46846159573258	4
578	CAAKTQGGSEKLVF	5	156.8282470703125	157.90696716308594	116	133.23450269370244	149.46846159573258	4
579	CAAATQGGSEKLVF	5	155.96749877929688	157.87490844726562	116	133.23450269370244	149.46846159573258	4
580	CAAETQGGSEKLVF	5	156.9334259033203	158.1599884033203	116	133.23450269370244	149.46846159573258	4
581	CAVRTQGGSEKLVF	5	151.46739196777344	158.28994750976562	116	133.23450269370244	149.46846159573258	4
582	CATDPRGGSEKLVF	5	150.01229858398438	163.884033203125	116	133.23450269370244	149.46846159573258	4
583	CATEPQGGSEKLVF	5	149.18234252929688	162.6002960205078	116	133.23450269370244	149.46846159573258	4
584	CAVTTQGGSEKLVF	5	153.34536743164062	158.2450408935547	116	133.23450269370244	149.46846159573258	4
585	CAVVVQGGSEKLVF	5	149.6790008544922	157.83421325683594	116	133.23450269370244	149.46846159573258	4
586	CAVITQGGSEKLVF	5	153.55938720703125	158.70635986328125	116	133.23450269370244	149.46846159573258	4
587	CAVMTQGGSEKLVF	5	153.04757690429688	158.38796997070312	116	133.23450269370244	149.46846159573258	4
588	CAVATQGGSEKLVF	5	152.99757385253906	158.74331665039062	116	133.23450269370244	149.46846159573258	4
589	CAVQTQGGSEKLVF	5	151.68112182617188	158.9139862060547	116	133.23450269370244	149.46846159573258	4
590	CIVRVGGGSEKLVF	5	138.8448486328125	149.23780822753906	116	133.23450269370244	149.46846159573258	4
591	CIVRSGGGSEKLVF	5	139.63059997558594	149.93263244628906	116	133.23450269370244	149.46846159573258	4
592	CIVRVQGGSEKLVF	5	140.02813720703125	150.60415649414062	116	133.23450269370244	149.46846159573258	4
593	CIVRVEGGSEKLVF	5	139.39309692382812	149.40109252929688	116	133.23450269370244	149.46846159573258	4
594	CAVRVQGGSEKLVF	5	146.98007202148438	157.3450927734375	116	133.23450269370244	149.46846159573258	4
595	CAVRNQGGSEKLVF	5	147.49920654296875	158.4024200439453	116	133.23450269370244	149.46846159573258	4
596	CATDARGGSEKLVF	5	150.73468017578125	163.8116912841797	116	133.23450269370244	149.46846159573258	4
597	CATDCRGGSEKLVF	5	150.34133911132812	164.22901916503906	116	133.23450269370244	149.46846159573258	4
598	CAATAQGGSEKLVF	5	147.55337524414062	162.28424072265625	116	133.23450269370244	149.46846159573258	4
599	CAVQPQGGSEKLVF	5	147.0377960205078	160.2721710205078	116	133.23450269370244	149.46846159573258	4
600	CILRDHGGSEKLVF	5	35.92161178588867	90.34601593017578	116	133.23450269370244	149.46846159573258	4
601	CAVRPGGGSEKLVF	5	142.4113311767578	159.1775665283203	116	133.23450269370244	149.46846159573258	4
602	CAVRPPGGSEKLVF	5	142.16683959960938	159.43043518066406	116	133.23450269370244	149.46846159573258	4
603	CAVRPVGGSEKLVF	5	143.00994873046875	159.34068298339844	116	133.23450269370244	149.46846159573258	4
604	CAVRPKGGSEKLVF	5	142.1005859375	159.6671142578125	116	133.23450269370244	149.46846159573258	4
605	CAVRPAGGSEKLVF	5	143.04507446289062	159.81594848632812	116	133.23450269370244	149.46846159573258	4
606	CAVGPGGGSEKLVF	5	141.37722778320312	158.36465454101562	116	133.23450269370244	149.46846159573258	4
607	CILRDEGGSEKLVF	5	36.57090377807617	90.2731704711914	116	133.23450269370244	149.46846159573258	4
608	CILRDAGGSEKLVF	5	35.90411758422852	90.72837829589844	116	133.23450269370244	149.46846159573258	4
609	CILRDLGGSEKLVF	5	36.14254379272461	89.96924591064453	116	133.23450269370244	149.46846159573258	4
610	CILRDKGGSEKLVF	5	35.604156494140625	90.07363891601562	116	133.23450269370244	149.46846159573258	4
611	CAGHIQGGSEKLVF	5	157.75790405273438	157.1442108154297	116	133.23450269370244	149.46846159573258	4
612	CAVQVQGGSEKLVF	5	148.72279357910156	158.5668487548828	116	133.23450269370244	149.46846159573258	4
613	CIVRIQGGSEKLVF	5	138.7884063720703	149.97518920898438	116	133.23450269370244	149.46846159573258	4
614	CIVRAQGGSEKLVF	5	139.24574279785156	150.51992797851562	116	133.23450269370244	149.46846159573258	4
615	CAGRIQGGSEKLVF	5	157.06556701660156	156.94105529785156	116	133.23450269370244	149.46846159573258	4
616	CAGQGQGGSEKLVF	5	158.76876831054688	157.98927307128906	116	133.23450269370244	149.46846159573258	4
617	CAGIGQGGSEKLVF	5	158.07000732421875	158.02589416503906	116	133.23450269370244	149.46846159573258	4
618	CAGFGQGGSEKLVF	5	158.8088836669922	158.44349670410156	116	133.23450269370244	149.46846159573258	4
619	CAGPLQGGSEKLVF	5	158.37619018554688	157.0233154296875	116	133.23450269370244	149.46846159573258	4
620	CILTTQGGSEKLVF	5	37.62726211547852	92.50142669677734	116	133.23450269370244	149.46846159573258	4
621	CAVARYSSASKIIF	3	124.56615447998048	55.60863494873047	135	107.34681594283492	45.45945962976526	5
622	CAVGRYSSASKIIF	3	125.08406829833984	55.39469146728516	135	107.34681594283492	45.45945962976526	5
623	CAVVRYSSASKIIF	3	125.60965728759766	55.30621337890625	135	107.34681594283492	45.45945962976526	5
624	CAVLRYSSASKIIF	3	125.17137908935548	54.9168815612793	135	107.34681594283492	45.45945962976526	5
625	CAVERYSSASKIIF	3	125.36344909667967	55.259544372558594	135	107.34681594283492	45.45945962976526	5
626	CAVKRYSSASKIIF	3	125.87137603759766	55.97966766357422	135	107.34681594283492	45.45945962976526	5
627	CAVAGYSSASKIIF	3	125.63465881347656	53.981143951416016	135	107.34681594283492	45.45945962976526	5
628	CAVRRYSSASKIIF	3	124.6963119506836	55.24154281616211	135	107.34681594283492	45.45945962976526	5
629	CAVDRYSSASKIIF	3	124.01058959960938	54.56850814819336	135	107.34681594283492	45.45945962976526	5
630	CAVNRYSSASKIIF	3	125.81262969970705	55.62308883666992	135	107.34681594283492	45.45945962976526	5
631	CAVAPYSSASKIIF	3	120.72553253173828	58.56805038452149	135	107.34681594283492	45.45945962976526	5
632	CAVPRYSSASKIIF	3	125.54875946044922	54.91981887817383	135	107.34681594283492	45.45945962976526	5
633	CAVQRYSSASKIIF	3	126.0722198486328	55.06138610839844	135	107.34681594283492	45.45945962976526	5
634	CAVTRYSSASKIIF	3	124.2569580078125	56.29231262207031	135	107.34681594283492	45.45945962976526	5
635	CAVALYSSASKIIF	3	122.6103057861328	55.70925521850586	135	107.34681594283492	45.45945962976526	5
636	CAVSRYSSASKIIF	3	125.19731903076172	55.51712417602539	135	107.34681594283492	45.45945962976526	5
637	CAVAFYSSASKIIF	3	123.5746078491211	56.15053176879883	135	107.34681594283492	45.45945962976526	5
638	CAVIRYSSASKIIF	3	125.21498107910156	55.86804962158203	135	107.34681594283492	45.45945962976526	5
639	CAVAYYSSASKIIF	3	123.09210205078124	56.30278396606445	135	107.34681594283492	45.45945962976526	5
640	CAVGGYSSASKIIF	3	126.0765609741211	53.72384262084961	135	107.34681594283492	45.45945962976526	5
641	CAVGPYSSASKIIF	3	123.5332489013672	56.87255859375	135	107.34681594283492	45.45945962976526	5
642	CAVGFYSSASKIIF	3	124.74059295654295	56.09181213378906	135	107.34681594283492	45.45945962976526	5
643	CAVGLYSSASKIIF	3	123.786376953125	55.8819465637207	135	107.34681594283492	45.45945962976526	5
644	CAVGWYSSASKIIF	3	125.55564880371094	56.0420150756836	135	107.34681594283492	45.45945962976526	5
645	CAVGQYSSASKIIF	3	124.25537872314452	55.34906768798828	135	107.34681594283492	45.45945962976526	5
646	CAALSYSSASKIIF	3	80.56909942626953	18.15230178833008	135	107.34681594283492	45.45945962976526	5
647	CAARSYSSASKIIF	3	82.13057708740234	19.795846939086918	135	107.34681594283492	45.45945962976526	5
648	CAATSYSSASKIIF	3	82.08384704589844	19.885364532470703	135	107.34681594283492	45.45945962976526	5
649	CAADSYSSASKIIF	3	79.04020690917969	17.378446578979492	135	107.34681594283492	45.45945962976526	5
650	CAAPSYSSASKIIF	3	79.39299011230469	18.130922317504883	135	107.34681594283492	45.45945962976526	5
651	CAAVSYSSASKIIF	3	79.46540069580078	17.427616119384766	135	107.34681594283492	45.45945962976526	5
652	CAAWSYSSASKIIF	3	79.21307373046875	17.750728607177734	135	107.34681594283492	45.45945962976526	5
653	CAAGSYSSASKIIF	3	80.00031280517578	18.19614028930664	135	107.34681594283492	45.45945962976526	5
654	CAANSYSSASKIIF	3	79.72148895263672	18.381641387939453	135	107.34681594283492	45.45945962976526	5
655	CAALRYSSASKIIF	3	88.30139923095703	21.900634765625	135	107.34681594283492	45.45945962976526	5
656	CAAISYSSASKIIF	3	79.82804107666016	17.733566284179688	135	107.34681594283492	45.45945962976526	5
657	CAVSGYSSASKIIF	3	125.73389434814452	52.087398529052734	135	107.34681594283492	45.45945962976526	5
658	CAVRGYSSASKIIF	3	125.8660659790039	52.338497161865234	135	107.34681594283492	45.45945962976526	5
659	CAVPGYSSASKIIF	3	126.51302337646484	53.21586227416992	135	107.34681594283492	45.45945962976526	5
660	CAVIGYSSASKIIF	3	126.16595458984376	53.38680648803711	135	107.34681594283492	45.45945962976526	5
661	CAVVGYSSASKIIF	3	126.90360260009766	53.23607635498047	135	107.34681594283492	45.45945962976526	5
662	CAVEGYSSASKIIF	3	126.3035888671875	52.97289657592773	135	107.34681594283492	45.45945962976526	5
663	CAVNGYSSASKIIF	3	126.83814239501952	53.60306167602539	135	107.34681594283492	45.45945962976526	5
664	CAVTGYSSASKIIF	3	126.99442291259766	52.686466217041016	135	107.34681594283492	45.45945962976526	5
665	CAVFGYSSASKIIF	3	127.179931640625	53.43976211547852	135	107.34681594283492	45.45945962976526	5
666	CAVMGYSSASKIIF	3	127.1932144165039	52.936031341552734	135	107.34681594283492	45.45945962976526	5
667	CAVHGYSSASKIIF	3	126.54088592529295	52.87438583374024	135	107.34681594283492	45.45945962976526	5
668	CAVQGYSSASKIIF	3	126.42823791503906	53.49506378173828	135	107.34681594283492	45.45945962976526	5
669	CAVKGYSSASKIIF	3	126.72197723388672	53.75130081176758	135	107.34681594283492	45.45945962976526	5
670	CAVLGYSSASKIIF	3	125.85084533691406	53.00521469116211	135	107.34681594283492	45.45945962976526	5
671	CAARMYSSASKIIF	3	83.82933807373047	21.780635833740234	135	107.34681594283492	45.45945962976526	5
672	CAARTYSSASKIIF	3	84.22942352294922	21.89196014404297	135	107.34681594283492	45.45945962976526	5
673	CAARGYSSASKIIF	3	90.30813598632812	25.701993942260746	135	107.34681594283492	45.45945962976526	5
674	CAARWYSSASKIIF	3	83.6623764038086	21.14972305297852	135	107.34681594283492	45.45945962976526	5
675	CAARKYSSASKIIF	3	83.79088592529297	20.926563262939453	135	107.34681594283492	45.45945962976526	5
676	CAARPYSSASKIIF	3	84.53724670410156	22.031747817993164	135	107.34681594283492	45.45945962976526	5
677	CAARQYSSASKIIF	3	84.1987075805664	21.533918380737305	135	107.34681594283492	45.45945962976526	5
678	CAAREYSSASKIIF	3	83.2345962524414	20.580076217651367	135	107.34681594283492	45.45945962976526	5
679	CAARLYSSASKIIF	3	83.76414489746094	21.38210105895996	135	107.34681594283492	45.45945962976526	5
680	CAARIYSSASKIIF	3	84.01570892333984	21.55257797241211	135	107.34681594283492	45.45945962976526	5
681	CVVTPYSSASKIIF	3	87.4721450805664	91.19609832763672	135	107.34681594283492	45.45945962976526	5
682	CVVTGYSSASKIIF	3	86.16007995605469	92.6127700805664	135	107.34681594283492	45.45945962976526	5
683	CVVTSYSSASKIIF	3	86.6915054321289	92.5867691040039	135	107.34681594283492	45.45945962976526	5
684	CVVTHYSSASKIIF	3	85.35359954833984	92.55093383789062	135	107.34681594283492	45.45945962976526	5
685	CVVSPYSSASKIIF	3	91.7513427734375	87.31963348388672	135	107.34681594283492	45.45945962976526	5
686	CVVTIYSSASKIIF	3	86.05313873291016	92.615966796875	135	107.34681594283492	45.45945962976526	5
687	CVVAPYSSASKIIF	3	98.12566375732422	80.85013580322266	135	107.34681594283492	45.45945962976526	5
688	CVVTFYSSASKIIF	3	85.80970001220703	92.55616760253906	135	107.34681594283492	45.45945962976526	5
689	CVVTWYSSASKIIF	3	85.71321105957031	93.14300537109376	135	107.34681594283492	45.45945962976526	5
690	CAVTPYSSASKIIF	3	118.41598510742188	61.2619514465332	135	107.34681594283492	45.45945962976526	5
691	CVVTQYSSASKIIF	3	85.98343658447266	93.00626373291016	135	107.34681594283492	45.45945962976526	5
692	CVVTEYSSASKIIF	3	85.4372329711914	93.01229858398438	135	107.34681594283492	45.45945962976526	5
693	CVVTLYSSASKIIF	3	86.14643859863281	93.2240982055664	135	107.34681594283492	45.45945962976526	5
694	CVVTRYSSASKIIF	3	86.44889831542969	92.64116668701172	135	107.34681594283492	45.45945962976526	5
695	CVVTTYSSASKIIF	3	86.13678741455078	92.3335952758789	135	107.34681594283492	45.45945962976526	5
696	CVVTAYSSASKIIF	3	85.63755798339844	92.73268127441406	135	107.34681594283492	45.45945962976526	5
697	CVVTVYSSASKIIF	3	86.43901062011719	92.19110107421876	135	107.34681594283492	45.45945962976526	5
698	CVVKPYSSASKIIF	3	92.5014877319336	86.53983306884766	135	107.34681594283492	45.45945962976526	5
699	CAVSGGSSASKIIF	3	113.65967559814452	33.96371078491211	135	107.34681594283492	45.45945962976526	5
700	CAASGYSSASKIIF	3	100.45409393310548	30.931659698486328	135	107.34681594283492	45.45945962976526	5
701	CAATRYSSASKIIF	3	89.15899658203125	23.815509796142575	135	107.34681594283492	45.45945962976526	5
702	CAATGYSSASKIIF	3	90.3068389892578	25.33466148376465	135	107.34681594283492	45.45945962976526	5
703	CAATPYSSASKIIF	3	92.9280776977539	30.49180793762207	135	107.34681594283492	45.45945962976526	5
704	CAGERYSSASKIIF	3	126.7623062133789	55.85953140258789	135	107.34681594283492	45.45945962976526	5
705	CAVKRDSSASKIIF	3	125.9378433227539	56.66636276245117	135	107.34681594283492	45.45945962976526	5
706	CAVKRHSSASKIIF	3	126.2187728881836	56.89408493041992	135	107.34681594283492	45.45945962976526	5
707	CAVKRRSSASKIIF	3	126.21660614013672	57.33660125732422	135	107.34681594283492	45.45945962976526	5
708	CAVKRPSSASKIIF	3	126.49130249023438	56.36220169067383	135	107.34681594283492	45.45945962976526	5
709	CAADRYSSASKIIF	3	91.51026153564452	24.880659103393555	135	107.34681594283492	45.45945962976526	5
710	CAVRPYSSASKIIF	3	122.7386703491211	56.51474380493164	135	107.34681594283492	45.45945962976526	5
711	CAVRLYSSASKIIF	3	122.91908264160156	56.96011734008789	135	107.34681594283492	45.45945962976526	5
712	CVVSSYSSASKIIF	3	88.90428161621094	89.99546813964844	135	107.34681594283492	45.45945962976526	5
713	CATDRYSSASKIIF	3	107.74773406982422	39.74145126342773	135	107.34681594283492	45.45945962976526	5
714	CAASRYSSASKIIF	3	93.19532775878906	21.984102249145508	135	107.34681594283492	45.45945962976526	5
715	CAGRGYSSASKIIF	3	108.17829895019533	38.79439163208008	135	107.34681594283492	45.45945962976526	5
716	CAERGYSSASKIIF	3	107.7014617919922	38.96016311645508	135	107.34681594283492	45.45945962976526	5
717	CAVRGKSSASKIIF	3	127.0203857421875	51.60763931274414	135	107.34681594283492	45.45945962976526	5
718	CAVRGNSSASKIIF	3	127.32953643798828	52.30270385742188	135	107.34681594283492	45.45945962976526	5
719	CAVRGSSSASKIIF	3	126.80601501464844	51.63615417480469	135	107.34681594283492	45.45945962976526	5
720	CAVRGHSSASKIIF	3	127.71884155273438	51.69058227539063	135	107.34681594283492	45.45945962976526	5
721	CASRGYSSASKIIF	3	107.63433074951172	38.5122184753418	135	107.34681594283492	45.45945962976526	5
722	CAVRGPSSASKIIF	3	127.28176879882812	51.27896118164063	135	107.34681594283492	45.45945962976526	5
723	CAVRGYNSASKIIF	3	127.87066650390624	52.57170486450195	135	107.34681594283492	45.45945962976526	5
724	CAVRPNSSASKIIF	3	124.5512466430664	54.56733703613281	135	107.34681594283492	45.45945962976526	5
725	CAVRPGSSASKIIF	3	123.05992889404295	54.75532150268555	135	107.34681594283492	45.45945962976526	5
726	CAVIPYSSASKIIF	3	122.84017181396484	57.4207878112793	135	107.34681594283492	45.45945962976526	5
727	CAASRRSSASKIIF	3	94.5178680419922	18.757156372070312	135	107.34681594283492	45.45945962976526	5
728	CAASRNSSASKIIF	3	94.72303009033205	18.416038513183597	135	107.34681594283492	45.45945962976526	5
729	CAASRDSSASKIIF	3	96.17638397216795	16.64373016357422	135	107.34681594283492	45.45945962976526	5
730	CAVAPGSSASKIIF	3	121.06668853759766	53.66982269287109	135	107.34681594283492	45.45945962976526	5
731	CAVTLYSSASKIIF	3	117.94281768798828	61.84661865234375	135	107.34681594283492	45.45945962976526	5
732	CAVSVGSSASKIIF	3	113.5019302368164	30.263160705566406	135	107.34681594283492	45.45945962976526	5
733	CAVSLGSSASKIIF	3	114.61033630371094	34.168453216552734	135	107.34681594283492	45.45945962976526	5
734	CAASGGSSASKIIF	3	102.60093688964844	30.46372413635254	135	107.34681594283492	45.45945962976526	5
735	CAVSEGSSASKIIF	3	111.71875762939452	24.89296531677246	135	107.34681594283492	45.45945962976526	5
736	CAALRGSSASKIIF	3	89.47777557373047	22.6977653503418	135	107.34681594283492	45.45945962976526	5
737	CAARRGSSASKIIF	3	90.69082641601562	23.961944580078125	135	107.34681594283492	45.45945962976526	5
738	CAAPRGSSASKIIF	3	89.69758605957031	23.407135009765625	135	107.34681594283492	45.45945962976526	5
739	CAARGGSSASKIIF	3	93.9160385131836	26.873170852661133	135	107.34681594283492	45.45945962976526	5
740	CAVALGSSASKIIF	3	119.35635375976562	47.90192031860352	135	107.34681594283492	45.45945962976526	5
741	CAMSRDSSASKIIF	3	102.28768920898438	8.13550090789795	135	107.34681594283492	45.45945962976526	5
742	CAMSDDSSASKIIF	3	103.9011001586914	6.515093803405762	135	107.34681594283492	45.45945962976526	5
743	CAMSEDSSASKIIF	3	104.56604766845705	6.629638195037842	135	107.34681594283492	45.45945962976526	5
744	CAMSADSSASKIIF	3	104.4934539794922	5.765756607055664	135	107.34681594283492	45.45945962976526	5
745	CAARGGGSASKIIF	3	93.29804229736328	26.96133804321289	135	107.34681594283492	45.45945962976526	5
746	CAVNVGSSASKIIF	3	114.32840728759766	28.10772705078125	135	107.34681594283492	45.45945962976526	5
747	CAMSANSSASKIIF	3	104.9869155883789	4.816032409667969	135	107.34681594283492	45.45945962976526	5
748	CAMSENSSASKIIF	3	106.56121063232422	8.001084327697754	135	107.34681594283492	45.45945962976526	5
749	CAMSARSSASKIIF	3	105.55554962158205	4.062286376953125	135	107.34681594283492	45.45945962976526	5
750	CAMSAGSSASKIIF	3	105.4292221069336	5.715993404388428	135	107.34681594283492	45.45945962976526	5
751	CAMSEGSSASKIIF	3	107.18165588378906	9.644655227661133	135	107.34681594283492	45.45945962976526	5
752	CAMSEHSSASKIIF	3	105.75721740722656	7.556245803833008	135	107.34681594283492	45.45945962976526	5
753	CAVSENSSASKIIF	3	109.09706115722656	16.409425735473633	135	107.34681594283492	45.45945962976526	5
754	CAGEVYSSASKIIF	3	127.8290023803711	56.48278045654297	135	107.34681594283492	45.45945962976526	5
755	CAVNVRSSASKIIF	3	114.5188446044922	27.53097343444824	135	107.34681594283492	45.45945962976526	5
861	CAVKYSSASKIIF	4	-38.817115783691406	-189.69114685058597	124	-42.086785470285726	-196.5905172286495	7
862	CAVRYSSASKIIF	4	-38.61562347412109	-188.2124481201172	124	-42.086785470285726	-196.5905172286495	7
863	CAVQYSSASKIIF	4	-39.7339096069336	-190.6397247314453	124	-42.086785470285726	-196.5905172286495	7
864	CAVLYSSASKIIF	4	-39.704627990722656	-191.0672149658203	124	-42.086785470285726	-196.5905172286495	7
865	CAVIYSSASKIIF	4	-39.72715377807617	-189.3811492919922	124	-42.086785470285726	-196.5905172286495	7
866	CAVDYSSASKIIF	4	-39.70153427124024	-190.21356201171875	124	-42.086785470285726	-196.5905172286495	7
867	CAVVYSSASKIIF	4	-40.06634140014648	-190.6460723876953	124	-42.086785470285726	-196.5905172286495	7
868	CAVEYSSASKIIF	4	-39.29853057861328	-189.70947265625	124	-42.086785470285726	-196.5905172286495	7
869	CAVGYSSASKIIF	4	-39.39133834838867	-190.59375	124	-42.086785470285726	-196.5905172286495	7
870	CAVMYSSASKIIF	4	-39.72503662109375	-189.94259643554688	124	-42.086785470285726	-196.5905172286495	7
871	CAVHYSSASKIIF	4	-39.31395721435547	-190.04747009277344	124	-42.086785470285726	-196.5905172286495	7
872	CAVCYSSASKIIF	4	-39.1275749206543	-189.5678558349609	124	-42.086785470285726	-196.5905172286495	7
873	CAVAYSSASKIIF	4	-39.0961799621582	-189.3216857910156	124	-42.086785470285726	-196.5905172286495	7
874	CAVKNSSASKIIF	4	-38.45361328125	-187.87619018554688	124	-42.086785470285726	-196.5905172286495	7
875	CAVFYSSASKIIF	4	-39.00989532470703	-190.0734405517578	124	-42.086785470285726	-196.5905172286495	7
876	CAVWYSSASKIIF	4	-39.70222854614258	-189.5804901123047	124	-42.086785470285726	-196.5905172286495	7
877	CAVTYSSASKIIF	4	-39.59474182128906	-189.6763153076172	124	-42.086785470285726	-196.5905172286495	7
878	CAVSYSSASKIIF	4	-39.0902099609375	-190.36529541015625	124	-42.086785470285726	-196.5905172286495	7
879	CAVKGSSASKIIF	4	-38.81510543823242	-187.31524658203125	124	-42.086785470285726	-196.5905172286495	7
880	CAVPYSSASKIIF	4	-39.17668533325195	-189.1484375	124	-42.086785470285726	-196.5905172286495	7
881	CAAKYSSASKIIF	4	-43.2338752746582	-201.14134216308597	124	-42.086785470285726	-196.5905172286495	7
882	CAVKESSASKIIF	4	-37.55802154541016	-188.0134429931641	124	-42.086785470285726	-196.5905172286495	7
883	CAVKVSSASKIIF	4	-38.55431365966797	-189.9510955810547	124	-42.086785470285726	-196.5905172286495	7
884	CAVKASSASKIIF	4	-38.41731643676758	-188.2864227294922	124	-42.086785470285726	-196.5905172286495	7
885	CATKYSSASKIIF	4	-41.45510482788086	-194.67654418945312	124	-42.086785470285726	-196.5905172286495	7
886	CAVRNSSASKIIF	4	-38.33051300048828	-186.4341278076172	124	-42.086785470285726	-196.5905172286495	7
887	CAVNNSSASKIIF	4	-38.03097915649414	-186.45428466796875	124	-42.086785470285726	-196.5905172286495	7
888	CAVRGSSASKIIF	4	-38.59900665283203	-186.1770477294922	124	-42.086785470285726	-196.5905172286495	7
889	CAVRASSASKIIF	4	-37.848876953125	-186.15005493164065	124	-42.086785470285726	-196.5905172286495	7
890	CAVRESSASKIIF	4	-38.1102409362793	-185.77935791015625	124	-42.086785470285726	-196.5905172286495	7
891	CAVINSSASKIIF	4	-38.67897415161133	-187.1858062744141	124	-42.086785470285726	-196.5905172286495	7
892	CAVCNSSASKIIF	4	-38.61213302612305	-186.8147430419922	124	-42.086785470285726	-196.5905172286495	7
893	CAVRRSSASKIIF	4	-38.43815231323242	-185.7716217041016	124	-42.086785470285726	-196.5905172286495	7
894	CAVLNSSASKIIF	4	-39.26137924194336	-187.33425903320312	124	-42.086785470285726	-196.5905172286495	7
895	CAVRPSSASKIIF	4	-37.57946395874024	-185.4883270263672	124	-42.086785470285726	-196.5905172286495	7
896	CAVRWSSASKIIF	4	-38.17679214477539	-186.04966735839844	124	-42.086785470285726	-196.5905172286495	7
897	CAVRTSSASKIIF	4	-37.66256713867188	-186.3163909912109	124	-42.086785470285726	-196.5905172286495	7
898	CAVRISSASKIIF	4	-37.99159622192383	-185.37399291992188	124	-42.086785470285726	-196.5905172286495	7
899	CAVRLSSASKIIF	4	-38.38029479980469	-186.060302734375	124	-42.086785470285726	-196.5905172286495	7
900	CAVRDSSASKIIF	4	-37.35356521606445	-185.97525024414065	124	-42.086785470285726	-196.5905172286495	7
901	CAVQNSSASKIIF	4	-38.91526794433594	-186.9340362548828	124	-42.086785470285726	-196.5905172286495	7
902	CAVHNSSASKIIF	4	-39.12505722045898	-186.8383331298828	124	-42.086785470285726	-196.5905172286495	7
903	CAVRHSSASKIIF	4	-37.69130706787109	-185.78839111328125	124	-42.086785470285726	-196.5905172286495	7
904	CAVRSSSASKIIF	4	-38.370643615722656	-185.3580322265625	124	-42.086785470285726	-196.5905172286495	7
905	CAVGNSSASKIIF	4	-39.40328979492188	-187.0703125	124	-42.086785470285726	-196.5905172286495	7
906	CAPRYSSASKIIF	4	-40.90361404418945	-194.991455078125	124	-42.086785470285726	-196.5905172286495	7
907	CAVRYSSASKTIF	4	-39.02104568481445	-188.3252868652344	124	-42.086785470285726	-196.5905172286495	7
908	CAVRYSSASKLIF	4	-38.60340118408203	-188.6803131103516	124	-42.086785470285726	-196.5905172286495	7
909	CTVRYSSASKIIF	4	-39.79501724243164	-187.13357543945312	124	-42.086785470285726	-196.5905172286495	7
910	CAARYSSASKIIF	4	-42.42365264892578	-200.00213623046875	124	-42.086785470285726	-196.5905172286495	7
911	CDVRYSSASKIIF	4	-39.55221939086914	-187.6916961669922	124	-42.086785470285726	-196.5905172286495	7
912	CVVRYSSASKIIF	4	-38.83990478515625	-187.7179412841797	124	-42.086785470285726	-196.5905172286495	7
913	CIVRYSSASKIIF	4	-39.8154182434082	-186.69346618652344	124	-42.086785470285726	-196.5905172286495	7
914	CAVRYCSASKIIF	4	-38.00657272338867	-188.12600708007807	124	-42.086785470285726	-196.5905172286495	7
915	CAVRYSSASNIIF	4	-39.900978088378906	-188.44456481933597	124	-42.086785470285726	-196.5905172286495	7
916	CLVRYSSASKIIF	4	-39.73299026489258	-187.483154296875	124	-42.086785470285726	-196.5905172286495	7
917	CAGRYSSASKIIF	4	-41.04733276367188	-194.2696533203125	124	-42.086785470285726	-196.5905172286495	7
918	CALRYSSASKIIF	4	-40.91133880615234	-194.0064849853516	124	-42.086785470285726	-196.5905172286495	7
919	CATRYSSASKIIF	4	-40.260738372802734	-194.79437255859372	124	-42.086785470285726	-196.5905172286495	7
920	CARRYSSASKIIF	4	-40.458377838134766	-194.87863159179688	124	-42.086785470285726	-196.5905172286495	7
921	CADRYSSASKIIF	4	-40.0620231628418	-194.8577117919922	124	-42.086785470285726	-196.5905172286495	7
922	CAPQYSSASKIIF	4	-41.338775634765625	-195.50729370117188	124	-42.086785470285726	-196.5905172286495	7
923	CAAQYSSASKIIF	4	-43.40542221069336	-201.80967712402344	124	-42.086785470285726	-196.5905172286495	7
924	CAPLYSSASKIIF	4	-41.607696533203125	-195.4429626464844	124	-42.086785470285726	-196.5905172286495	7
925	CAALYSSASKIIF	4	-42.67656707763672	-200.67578125	124	-42.086785470285726	-196.5905172286495	7
926	CAVLGSSASKIIF	4	-39.154415130615234	-187.49313354492188	124	-42.086785470285726	-196.5905172286495	7
927	CVVLYSSASKIIF	4	-39.80497360229492	-188.9528045654297	124	-42.086785470285726	-196.5905172286495	7
928	CARLYSSASKIIF	4	-40.94852828979492	-195.4600524902344	124	-42.086785470285726	-196.5905172286495	7
929	CAGLYSSASKIIF	4	-41.628360748291016	-195.93109130859372	124	-42.086785470285726	-196.5905172286495	7
930	CAVIASSASKIIF	4	-38.22978973388672	-187.62168884277344	124	-42.086785470285726	-196.5905172286495	7
931	CARIYSSASKIIF	4	-40.36454772949219	-193.1007080078125	124	-42.086785470285726	-196.5905172286495	7
932	CAVNESSASKIIF	4	-38.03223419189453	-186.8421173095703	124	-42.086785470285726	-196.5905172286495	7
933	CAVNGSSASKIIF	4	-39.13056945800781	-186.4508819580078	124	-42.086785470285726	-196.5905172286495	7
934	CAVNRSSASKIIF	4	-37.72217559814453	-186.59381103515625	124	-42.086785470285726	-196.5905172286495	7
935	CAVDGSSASKIIF	4	-40.1343879699707	-186.87503051757807	124	-42.086785470285726	-196.5905172286495	7
936	CAADYSSASKIIF	4	-43.457664489746094	-202.1561279296875	124	-42.086785470285726	-196.5905172286495	7
937	CAPVYSSASKIIF	4	-40.98995590209961	-195.97640991210935	124	-42.086785470285726	-196.5905172286495	7
938	CAAVYSSASKIIF	4	-43.70136642456055	-202.91696166992188	124	-42.086785470285726	-196.5905172286495	7
939	CAPEYSSASKIIF	4	-41.70461654663086	-195.0753936767578	124	-42.086785470285726	-196.5905172286495	7
940	CAVEESSASKIIF	4	-38.05152893066406	-187.24464416503903	124	-42.086785470285726	-196.5905172286495	7
941	CAVEGSSASKIIF	4	-38.84565353393555	-187.1418609619141	124	-42.086785470285726	-196.5905172286495	7
942	CAVEASSASKIIF	4	-37.75920867919922	-187.7884826660156	124	-42.086785470285726	-196.5905172286495	7
943	CAAEYSSASKIIF	4	-43.300777435302734	-202.74839782714844	124	-42.086785470285726	-196.5905172286495	7
944	CAAGYSSASKIIF	4	-42.962188720703125	-201.4478454589844	124	-42.086785470285726	-196.5905172286495	7
945	CAVGGSSASKIIF	4	-39.721004486083984	-186.43930053710935	124	-42.086785470285726	-196.5905172286495	7
946	CAPGYSSASKIIF	4	-40.5792236328125	-195.7035675048828	124	-42.086785470285726	-196.5905172286495	7
947	CAVMGSSASKIIF	4	-39.72742462158203	-186.7770538330078	124	-42.086785470285726	-196.5905172286495	7
948	CAVAGSSASKIIF	4	-40.55772018432617	-186.37380981445312	124	-42.086785470285726	-196.5905172286495	7
949	CAPMYSSASKIIF	4	-40.89204025268555	-194.572998046875	124	-42.086785470285726	-196.5905172286495	7
950	CAPCYSSASKIIF	4	-40.55313873291016	-194.30393981933597	124	-42.086785470285726	-196.5905172286495	7
951	CAAAYSSASKIIF	4	-43.58440017700195	-203.4081573486328	124	-42.086785470285726	-196.5905172286495	7
952	CAATDSSASKIIF	4	-49.1854133605957	-222.7380828857422	124	-42.086785470285726	-196.5905172286495	7
953	CAARDSSASKIIF	4	-48.56216049194336	-219.6324462890625	124	-42.086785470285726	-196.5905172286495	7
954	CAAVDSSASKIIF	4	-48.278438568115234	-220.25762939453125	124	-42.086785470285726	-196.5905172286495	7
955	CAAYDSSASKIIF	4	-48.87087631225586	-223.35060119628903	124	-42.086785470285726	-196.5905172286495	7
956	CAASDSSASKIIF	4	-50.27868270874024	-222.99729919433597	124	-42.086785470285726	-196.5905172286495	7
957	CAAFDSSASKIIF	4	-49.54006576538086	-222.16867065429688	124	-42.086785470285726	-196.5905172286495	7
958	CAANDSSASKIIF	4	-49.18627548217773	-221.5839080810547	124	-42.086785470285726	-196.5905172286495	7
959	CAAADSSASKIIF	4	-48.65740203857422	-219.97872924804688	124	-42.086785470285726	-196.5905172286495	7
960	CAAEDSSASKIIF	4	-48.97201156616211	-220.03404235839844	124	-42.086785470285726	-196.5905172286495	7
961	CAALDSSASKIIF	4	-48.97874450683594	-220.66798400878903	124	-42.086785470285726	-196.5905172286495	7
962	CAAPDSSASKIIF	4	-48.975868225097656	-221.81643676757807	124	-42.086785470285726	-196.5905172286495	7
963	CAASYSSASKIIF	4	-47.3795166015625	-214.3002471923828	124	-42.086785470285726	-196.5905172286495	7
964	CALKGSSASKIIF	4	-39.28265380859375	-185.8558654785156	124	-42.086785470285726	-196.5905172286495	7
965	CAASESSASKIIF	4	-51.02814102172852	-224.47569274902344	124	-42.086785470285726	-196.5905172286495	7
966	CAASNSSASKIIF	4	-50.633033752441406	-224.0801239013672	124	-42.086785470285726	-196.5905172286495	7
967	CAASLSSASKIIF	4	-50.38379287719727	-223.6554718017578	124	-42.086785470285726	-196.5905172286495	7
968	CAASCSSASKIIF	4	-50.25755310058594	-223.9122314453125	124	-42.086785470285726	-196.5905172286495	7
969	CAASRSSASKIIF	4	-50.56710433959961	-224.3877716064453	124	-42.086785470285726	-196.5905172286495	7
970	CAASWSSASKIIF	4	-50.8515510559082	-224.8249664306641	124	-42.086785470285726	-196.5905172286495	7
971	CAASASSASKIIF	4	-51.35739517211914	-224.43753051757807	124	-42.086785470285726	-196.5905172286495	7
972	CAASPSSASKIIF	4	-50.28532409667969	-224.5733795166016	124	-42.086785470285726	-196.5905172286495	7
973	CAASHSSASKIIF	4	-51.33346557617188	-224.15179443359372	124	-42.086785470285726	-196.5905172286495	7
974	CAAKESSASKIIF	4	-44.08579254150391	-202.78175354003903	124	-42.086785470285726	-196.5905172286495	7
975	CAASKSSASKIIF	4	-50.93513488769531	-225.1814117431641	124	-42.086785470285726	-196.5905172286495	7
976	CAASDSSASKIMF	4	-49.42869567871094	-224.53094482421875	124	-42.086785470285726	-196.5905172286495	7
977	CAASLRSASKIIF	4	-50.60279846191406	-227.3433837890625	124	-42.086785470285726	-196.5905172286495	7
978	CAPGCSSASKIIF	4	-40.281009674072266	-196.3686370849609	124	-42.086785470285726	-196.5905172286495	7
979	CAGAGSSASKIIF	4	-47.96794509887695	-182.98977661132807	124	-42.086785470285726	-196.5905172286495	7
980	CAGARSSASKIIF	4	-49.327293395996094	-182.2582855224609	124	-42.086785470285726	-196.5905172286495	7
981	CAGAHSSASKIIF	4	-49.82500457763672	-182.4989318847656	124	-42.086785470285726	-196.5905172286495	7
982	CAGAKSSASKIIF	4	-49.95751190185547	-182.1683349609375	124	-42.086785470285726	-196.5905172286495	7
983	CAGAQSSASKIIF	4	-49.57333755493164	-181.7624969482422	124	-42.086785470285726	-196.5905172286495	7
984	CAAKVSSASKIIF	4	-42.09028625488281	-198.0380859375	124	-42.086785470285726	-196.5905172286495	7
